[     731ms] [INFO] %cDownload the React DevTools for a better development experience: https://react.dev/link/react-devtools font-weight:bold @ http://localhost:8081/node_modules/expo-router/entry.bundle?platform=web&dev=true&hot=false&lazy=true&transform.routerRoot=app:17348
[     762ms] [LOG] Running application "main" with appParams:
 {rootTag: #root, hydrate: undefined} 
Development-level warnings: ON.
Performance optimizations: OFF. @ http://localhost:8081/node_modules/expo-router/entry.bundle?platform=web&dev=true&hot=false&lazy=true&transform.routerRoot=app:40281
[     817ms] [WARNING] [expo-av]: Expo AV has been deprecated and will be removed in SDK 54. Use the `expo-audio` and `expo-video` packages to replace the required functionality. @ http://localhost:8081/node_modules/expo-router/entry.bundle?platform=web&dev=true&hot=false&lazy=true&transform.routerRoot=app:199231
[     870ms] [WARNING] props.pointerEvents is deprecated. Use style.pointerEvents @ http://localhost:8081/node_modules/expo-router/entry.bundle?platform=web&dev=true&hot=false&lazy=true&transform.routerRoot=app:23886
[    1076ms] [LOG] Profile found: admin @ http://localhost:8081/node_modules/expo-router/entry.bundle?platform=web&dev=true&hot=false&lazy=true&transform.routerRoot=app:89979
[    1180ms] [LOG] Profile found: admin @ http://localhost:8081/node_modules/expo-router/entry.bundle?platform=web&dev=true&hot=false&lazy=true&transform.routerRoot=app:89979
[  519496ms] [LOG] [DEBUG] handleProductPress 5a545b67-41ff-4b32-9edc-8b7b31abcf22 found: true products len: 54 @ http://localhost:8081/node_modules/expo-router/entry.bundle?platform=web&dev=true&hot=false&lazy=true&transform.routerRoot=app:153175
[ 1551686ms] [LOG] ✅ Order status updated: 42d385a5-c093-420b-8474-392d3f0cb8af → preparing @ http://localhost:8081/node_modules/expo-router/entry.bundle?platform=web&dev=true&hot=false&lazy=true&transform.routerRoot=app:146312
[ 1682204ms] [LOG] Profile found: admin @ http://localhost:8081/node_modules/expo-router/entry.bundle?platform=web&dev=true&hot=false&lazy=true&transform.routerRoot=app:89979
[ 1843114ms] [LOG] [DEBUG] handleCheckout called, items: 1 @ http://localhost:8081/app/(tabs)/menu.bundle//&platform=web&dev=true&hot=false&lazy=true&transform.routerRoot=app&minify=false&modulesOnly=true&runModule=false&shallow=true:179
[ 1967833ms] [LOG] ✅ Order status updated: b7d766da-a5f8-4c1e-b7d1-e885e07d7715 → preparing @ http://localhost:8081/node_modules/expo-router/entry.bundle?platform=web&dev=true&hot=false&lazy=true&transform.routerRoot=app:146312
[ 2091598ms] [LOG] ✅ Order status updated: bd6a69a8-c14e-4a45-9870-a6f4637b369e → preparing @ http://localhost:8081/node_modules/expo-router/entry.bundle?platform=web&dev=true&hot=false&lazy=true&transform.routerRoot=app:146312
[ 2154553ms] [LOG] ✅ Order created successfully: bc3a1b5a-4b09-4f59-9fd9-b2e4ce2cea75 @ http://localhost:8081/node_modules/expo-router/entry.bundle?platform=web&dev=true&hot=false&lazy=true&transform.routerRoot=app:209904
[ 2488128ms] [ERROR] Failed to load resource: net::ERR_NAME_NOT_RESOLVED @ https://zqubwvhstobaugifzoyb.supabase.co/rest/v1/orders?select=id%2Ccreated_at%2Cstatus%2Ctotal_amount%2Ccustomer_name%2Cdecline_reason_preset%2Cdecline_reason_note&company_id=eq.00000000-0000-0000-0000-000000000001&status=in.%28pending%2Cpreparing%2Cready%2Ccancelled%29&order=created_at.desc&limit=12:0
[ 2488129ms] [ERROR] Failed to load resource: net::ERR_NAME_NOT_RESOLVED @ https://zqubwvhstobaugifzoyb.supabase.co/rest/v1/orders?select=id%2Cdisplay_code%2Ccustomer_name%2Ccustomer_phone%2Ctotal_amount%2Corder_type%2Cdelivery_address%2Ctable_number%2Ccreated_at&company_id=eq.00000000-0000-0000-0000-000000000001&status=eq.pending&order=created_at.asc&limit=20:0
[ 2488130ms] [ERROR] [OrderNotification] pending fetch failed: {message: TypeError: Failed to fetch, details: TypeError: Failed to fetch
    at http://localhost…alse&lazy=true&transform.routerRoot=app:203393:26, hint: , code: } @ http://localhost:8081/node_modules/expo-router/entry.bundle?platform=web&dev=true&hot=false&lazy=true&transform.routerRoot=app:901
[ 2488130ms] [ERROR] Failed to load resource: net::ERR_NAME_NOT_RESOLVED @ https://zqubwvhstobaugifzoyb.supabase.co/rest/v1/orders?select=id%2Ctotal_amount&company_id=eq.00000000-0000-0000-0000-000000000001&created_at=gte.2026-09-01T22%3A00%3A00.000Z:0
[ 2488130ms] [ERROR] Failed to load resource: net::ERR_NAME_NOT_RESOLVED @ https://zqubwvhstobaugifzoyb.supabase.co/rest/v1/orders?select=id&company_id=eq.00000000-0000-0000-0000-000000000001&status=in.%28pending%2Cpreparing%29:0
[ 2488130ms] [ERROR] Failed to load resource: net::ERR_NAME_NOT_RESOLVED @ https://zqubwvhstobaugifzoyb.supabase.co/rest/v1/products?select=id&company_id=eq.00000000-0000-0000-0000-000000000001&active=eq.true:0
[ 2488130ms] [ERROR] Failed to load resource: net::ERR_NAME_NOT_RESOLVED @ https://zqubwvhstobaugifzoyb.supabase.co/rest/v1/orders?select=created_at%2Cstatus&company_id=eq.00000000-0000-0000-0000-000000000001&created_at=gte.2026-08-26T22%3A00%3A00.000Z:0
[ 2488216ms] [ERROR] Failed to load resource: net::ERR_NAME_NOT_RESOLVED @ https://zqubwvhstobaugifzoyb.supabase.co/rest/v1/orders?select=created_at%2Ctotal_amount%2Cstatus%2Corder_type&company_id=eq.00000000-0000-0000-0000-000000000001&created_at=gte.2026-07-29T22%3A00%3A00.000Z:0
[ 2488216ms] [ERROR] Failed to load resource: net::ERR_NAME_NOT_RESOLVED @ https://zqubwvhstobaugifzoyb.supabase.co/rest/v1/orders?select=*%2Corder_items%28*%2Cproduct%3Aproducts%28*%29%29&company_id=eq.00000000-0000-0000-0000-000000000001&order=created_at.asc&status=in.%28pending%2Cpreparing%2Cready%29:0
[ 2488216ms] [ERROR] Kitchen orders fetch error: {message: TypeError: Failed to fetch, details: TypeError: Failed to fetch
    at http://localhost…lse&lazy=true&transform.routerRoot=app:150369:13), hint: , code: } @ http://localhost:8081/node_modules/expo-router/entry.bundle?platform=web&dev=true&hot=false&lazy=true&transform.routerRoot=app:901
[ 2489268ms] [ERROR] Failed to load resource: net::ERR_NAME_NOT_RESOLVED @ https://zqubwvhstobaugifzoyb.supabase.co/rest/v1/orders?select=id%2Ccreated_at%2Cstatus%2Ctotal_amount%2Ccustomer_name%2Cdecline_reason_preset%2Cdecline_reason_note&company_id=eq.00000000-0000-0000-0000-000000000001&status=in.%28pending%2Cpreparing%2Cready%2Ccancelled%29&order=created_at.desc&limit=12:0
[ 2489331ms] [ERROR] Failed to load resource: net::ERR_NAME_NOT_RESOLVED @ https://zqubwvhstobaugifzoyb.supabase.co/rest/v1/products?select=id&company_id=eq.00000000-0000-0000-0000-000000000001&active=eq.true:0
[ 2489331ms] [ERROR] Failed to load resource: net::ERR_NAME_NOT_RESOLVED @ https://zqubwvhstobaugifzoyb.supabase.co/rest/v1/orders?select=id%2Ctotal_amount&company_id=eq.00000000-0000-0000-0000-000000000001&created_at=gte.2026-09-01T22%3A00%3A00.000Z:0
[ 2489331ms] [ERROR] Failed to load resource: net::ERR_NAME_NOT_RESOLVED @ https://zqubwvhstobaugifzoyb.supabase.co/rest/v1/orders?select=id&company_id=eq.00000000-0000-0000-0000-000000000001&status=in.%28pending%2Cpreparing%29:0
[ 2489331ms] [ERROR] Failed to load resource: net::ERR_NAME_NOT_RESOLVED @ https://zqubwvhstobaugifzoyb.supabase.co/rest/v1/orders?select=created_at%2Ctotal_amount%2Cstatus%2Corder_type&company_id=eq.00000000-0000-0000-0000-000000000001&created_at=gte.2026-07-29T22%3A00%3A00.000Z:0
[ 2489331ms] [ERROR] Failed to load resource: net::ERR_NAME_NOT_RESOLVED @ https://zqubwvhstobaugifzoyb.supabase.co/rest/v1/orders?select=created_at%2Cstatus&company_id=eq.00000000-0000-0000-0000-000000000001&created_at=gte.2026-08-26T22%3A00%3A00.000Z:0
[ 2489331ms] [ERROR] Failed to load resource: net::ERR_NAME_NOT_RESOLVED @ https://zqubwvhstobaugifzoyb.supabase.co/rest/v1/orders?select=*%2Corder_items%28*%2Cproduct%3Aproducts%28*%29%29&company_id=eq.00000000-0000-0000-0000-000000000001&order=created_at.asc&status=in.%28pending%2Cpreparing%2Cready%29:0
[ 2489331ms] [ERROR] Kitchen orders fetch error: {message: TypeError: Failed to fetch, details: TypeError: Failed to fetch
    at http://localhost…lse&lazy=true&transform.routerRoot=app:150369:13), hint: , code: } @ http://localhost:8081/node_modules/expo-router/entry.bundle?platform=web&dev=true&hot=false&lazy=true&transform.routerRoot=app:901
[ 2491301ms] [ERROR] Failed to load resource: net::ERR_NAME_NOT_RESOLVED @ https://zqubwvhstobaugifzoyb.supabase.co/rest/v1/orders?select=id%2Cdisplay_code%2Ccustomer_name%2Ccustomer_phone%2Ctotal_amount%2Corder_type%2Cdelivery_address%2Ctable_number%2Ccreated_at&company_id=eq.00000000-0000-0000-0000-000000000001&status=eq.pending&order=created_at.asc&limit=20:0
[ 2491301ms] [ERROR] [OrderNotification] pending fetch failed: {message: TypeError: Failed to fetch, details: TypeError: Failed to fetch
    at http://localhost…alse&lazy=true&transform.routerRoot=app:203393:26, hint: , code: } @ http://localhost:8081/node_modules/expo-router/entry.bundle?platform=web&dev=true&hot=false&lazy=true&transform.routerRoot=app:901
[ 2491389ms] [ERROR] Failed to load resource: net::ERR_NAME_NOT_RESOLVED @ https://zqubwvhstobaugifzoyb.supabase.co/rest/v1/orders?select=id%2Ccreated_at%2Cstatus%2Ctotal_amount%2Ccustomer_name%2Cdecline_reason_preset%2Cdecline_reason_note&company_id=eq.00000000-0000-0000-0000-000000000001&status=in.%28pending%2Cpreparing%2Cready%2Ccancelled%29&order=created_at.desc&limit=12:0
[ 2491464ms] [ERROR] Failed to load resource: net::ERR_NAME_NOT_RESOLVED @ https://zqubwvhstobaugifzoyb.supabase.co/rest/v1/orders?select=id%2Ctotal_amount&company_id=eq.00000000-0000-0000-0000-000000000001&created_at=gte.2026-09-01T22%3A00%3A00.000Z:0
[ 2491464ms] [ERROR] Failed to load resource: net::ERR_NAME_NOT_RESOLVED @ https://zqubwvhstobaugifzoyb.supabase.co/rest/v1/orders?select=id&company_id=eq.00000000-0000-0000-0000-000000000001&status=in.%28pending%2Cpreparing%29:0
[ 2491464ms] [ERROR] Failed to load resource: net::ERR_NAME_NOT_RESOLVED @ https://zqubwvhstobaugifzoyb.supabase.co/rest/v1/products?select=id&company_id=eq.00000000-0000-0000-0000-000000000001&active=eq.true:0
[ 2491464ms] [ERROR] Failed to load resource: net::ERR_NAME_NOT_RESOLVED @ https://zqubwvhstobaugifzoyb.supabase.co/rest/v1/orders?select=created_at%2Cstatus&company_id=eq.00000000-0000-0000-0000-000000000001&created_at=gte.2026-08-26T22%3A00%3A00.000Z:0
[ 2491464ms] [ERROR] Failed to load resource: net::ERR_NAME_NOT_RESOLVED @ https://zqubwvhstobaugifzoyb.supabase.co/rest/v1/orders?select=created_at%2Ctotal_amount%2Cstatus%2Corder_type&company_id=eq.00000000-0000-0000-0000-000000000001&created_at=gte.2026-07-29T22%3A00%3A00.000Z:0
[ 2491464ms] [ERROR] Failed to load resource: net::ERR_NAME_NOT_RESOLVED @ https://zqubwvhstobaugifzoyb.supabase.co/rest/v1/orders?select=*%2Corder_items%28*%2Cproduct%3Aproducts%28*%29%29&company_id=eq.00000000-0000-0000-0000-000000000001&order=created_at.asc&status=in.%28pending%2Cpreparing%2Cready%29:0
[ 2491464ms] [ERROR] Kitchen orders fetch error: {message: TypeError: Failed to fetch, details: TypeError: Failed to fetch
    at http://localhost…lse&lazy=true&transform.routerRoot=app:150369:13), hint: , code: } @ http://localhost:8081/node_modules/expo-router/entry.bundle?platform=web&dev=true&hot=false&lazy=true&transform.routerRoot=app:901
[ 2492324ms] [ERROR] Failed to load resource: net::ERR_NAME_NOT_RESOLVED @ https://zqubwvhstobaugifzoyb.supabase.co/rest/v1/orders?select=*%2Corder_items%28*%2Cproduct%3Aproducts%28*%29%29&company_id=eq.00000000-0000-0000-0000-000000000001&order=created_at.desc&limit=100:0
[ 2492325ms] [ERROR] Admin orders fetch error: {message: TypeError: Failed to fetch, details: TypeError: Failed to fetch
    at http://localhost…lse&lazy=true&transform.routerRoot=app:202542:13), hint: , code: } @ http://localhost:8081/node_modules/expo-router/entry.bundle?platform=web&dev=true&hot=false&lazy=true&transform.routerRoot=app:901
[ 2493431ms] [ERROR] Failed to load resource: net::ERR_NAME_NOT_RESOLVED @ https://zqubwvhstobaugifzoyb.supabase.co/rest/v1/orders?select=*%2Corder_items%28*%2Cproduct%3Aproducts%28*%29%29&company_id=eq.00000000-0000-0000-0000-000000000001&order=created_at.desc&limit=100:0
[ 2493432ms] [ERROR] Admin orders fetch error: {message: TypeError: Failed to fetch, details: TypeError: Failed to fetch
    at http://localhost…lse&lazy=true&transform.routerRoot=app:202542:13), hint: , code: } @ http://localhost:8081/node_modules/expo-router/entry.bundle?platform=web&dev=true&hot=false&lazy=true&transform.routerRoot=app:901
[ 2495539ms] [ERROR] Failed to load resource: net::ERR_NAME_NOT_RESOLVED @ https://zqubwvhstobaugifzoyb.supabase.co/rest/v1/orders?select=id%2Ccreated_at%2Cstatus%2Ctotal_amount%2Ccustomer_name%2Cdecline_reason_preset%2Cdecline_reason_note&company_id=eq.00000000-0000-0000-0000-000000000001&status=in.%28pending%2Cpreparing%2Cready%2Ccancelled%29&order=created_at.desc&limit=12:0
[ 2495540ms] [ERROR] Failed to load resource: net::ERR_NAME_NOT_RESOLVED @ https://zqubwvhstobaugifzoyb.supabase.co/rest/v1/orders?select=*%2Corder_items%28*%2Cproduct%3Aproducts%28*%29%29&company_id=eq.00000000-0000-0000-0000-000000000001&order=created_at.desc&limit=100:0
[ 2495540ms] [ERROR] Admin orders fetch error: {message: TypeError: Failed to fetch, details: TypeError: Failed to fetch
    at http://localhost…lse&lazy=true&transform.routerRoot=app:202542:13), hint: , code: } @ http://localhost:8081/node_modules/expo-router/entry.bundle?platform=web&dev=true&hot=false&lazy=true&transform.routerRoot=app:901
[ 2495601ms] [ERROR] Failed to load resource: net::ERR_NAME_NOT_RESOLVED @ https://zqubwvhstobaugifzoyb.supabase.co/rest/v1/orders?select=id%2Ctotal_amount&company_id=eq.00000000-0000-0000-0000-000000000001&created_at=gte.2026-09-01T22%3A00%3A00.000Z:0
[ 2495601ms] [ERROR] Failed to load resource: net::ERR_NAME_NOT_RESOLVED @ https://zqubwvhstobaugifzoyb.supabase.co/rest/v1/orders?select=id&company_id=eq.00000000-0000-0000-0000-000000000001&status=in.%28pending%2Cpreparing%29:0
[ 2495601ms] [ERROR] Failed to load resource: net::ERR_NAME_NOT_RESOLVED @ https://zqubwvhstobaugifzoyb.supabase.co/rest/v1/products?select=id&company_id=eq.00000000-0000-0000-0000-000000000001&active=eq.true:0
[ 2495601ms] [ERROR] Failed to load resource: net::ERR_NAME_NOT_RESOLVED @ https://zqubwvhstobaugifzoyb.supabase.co/rest/v1/orders?select=created_at%2Cstatus&company_id=eq.00000000-0000-0000-0000-000000000001&created_at=gte.2026-08-26T22%3A00%3A00.000Z:0
[ 2495601ms] [ERROR] Failed to load resource: net::ERR_NAME_NOT_RESOLVED @ https://zqubwvhstobaugifzoyb.supabase.co/rest/v1/orders?select=created_at%2Ctotal_amount%2Cstatus%2Corder_type&company_id=eq.00000000-0000-0000-0000-000000000001&created_at=gte.2026-07-29T22%3A00%3A00.000Z:0
[ 2495602ms] [ERROR] Failed to load resource: net::ERR_NAME_NOT_RESOLVED @ https://zqubwvhstobaugifzoyb.supabase.co/rest/v1/orders?select=*%2Corder_items%28*%2Cproduct%3Aproducts%28*%29%29&company_id=eq.00000000-0000-0000-0000-000000000001&order=created_at.asc&status=in.%28pending%2Cpreparing%2Cready%29:0
[ 2495602ms] [ERROR] Kitchen orders fetch error: {message: TypeError: Failed to fetch, details: TypeError: Failed to fetch
    at http://localhost…lse&lazy=true&transform.routerRoot=app:150369:13), hint: , code: } @ http://localhost:8081/node_modules/expo-router/entry.bundle?platform=web&dev=true&hot=false&lazy=true&transform.routerRoot=app:901
[ 2499706ms] [ERROR] Failed to load resource: net::ERR_NAME_NOT_RESOLVED @ https://zqubwvhstobaugifzoyb.supabase.co/rest/v1/orders?select=*%2Corder_items%28*%2Cproduct%3Aproducts%28*%29%29&company_id=eq.00000000-0000-0000-0000-000000000001&order=created_at.desc&limit=100:0
[ 2499707ms] [ERROR] Admin orders fetch error: {message: TypeError: Failed to fetch, details: TypeError: Failed to fetch
    at http://localhost…lse&lazy=true&transform.routerRoot=app:202542:13), hint: , code: } @ http://localhost:8081/node_modules/expo-router/entry.bundle?platform=web&dev=true&hot=false&lazy=true&transform.routerRoot=app:901
[ 2501277ms] [ERROR] Failed to load resource: net::ERR_NAME_NOT_RESOLVED @ https://zqubwvhstobaugifzoyb.supabase.co/rest/v1/orders?select=id%2Cdisplay_code%2Ccustomer_name%2Ccustomer_phone%2Ctotal_amount%2Corder_type%2Cdelivery_address%2Ctable_number%2Ccreated_at&company_id=eq.00000000-0000-0000-0000-000000000001&status=eq.pending&order=created_at.asc&limit=20:0
[ 2501277ms] [ERROR] [OrderNotification] pending fetch failed: {message: TypeError: Failed to fetch, details: TypeError: Failed to fetch
    at http://localhost…alse&lazy=true&transform.routerRoot=app:203393:26, hint: , code: } @ http://localhost:8081/node_modules/expo-router/entry.bundle?platform=web&dev=true&hot=false&lazy=true&transform.routerRoot=app:901
[ 2505706ms] [ERROR] Failed to load resource: net::ERR_NAME_NOT_RESOLVED @ https://zqubwvhstobaugifzoyb.supabase.co/rest/v1/orders?select=id%2Ccreated_at%2Cstatus%2Ctotal_amount%2Ccustomer_name%2Cdecline_reason_preset%2Cdecline_reason_note&company_id=eq.00000000-0000-0000-0000-000000000001&status=in.%28pending%2Cpreparing%2Cready%2Ccancelled%29&order=created_at.desc&limit=12:0
[ 2505762ms] [ERROR] Failed to load resource: net::ERR_NAME_NOT_RESOLVED @ https://zqubwvhstobaugifzoyb.supabase.co/rest/v1/orders?select=id%2Ctotal_amount&company_id=eq.00000000-0000-0000-0000-000000000001&created_at=gte.2026-09-01T22%3A00%3A00.000Z:0
[ 2505763ms] [ERROR] Failed to load resource: net::ERR_NAME_NOT_RESOLVED @ https://zqubwvhstobaugifzoyb.supabase.co/rest/v1/orders?select=id&company_id=eq.00000000-0000-0000-0000-000000000001&status=in.%28pending%2Cpreparing%29:0
[ 2505763ms] [ERROR] Failed to load resource: net::ERR_NAME_NOT_RESOLVED @ https://zqubwvhstobaugifzoyb.supabase.co/rest/v1/products?select=id&company_id=eq.00000000-0000-0000-0000-000000000001&active=eq.true:0
[ 2505763ms] [ERROR] Failed to load resource: net::ERR_NAME_NOT_RESOLVED @ https://zqubwvhstobaugifzoyb.supabase.co/rest/v1/orders?select=created_at%2Cstatus&company_id=eq.00000000-0000-0000-0000-000000000001&created_at=gte.2026-08-26T22%3A00%3A00.000Z:0
[ 2505763ms] [ERROR] Failed to load resource: net::ERR_NAME_NOT_RESOLVED @ https://zqubwvhstobaugifzoyb.supabase.co/rest/v1/orders?select=created_at%2Ctotal_amount%2Cstatus%2Corder_type&company_id=eq.00000000-0000-0000-0000-000000000001&created_at=gte.2026-07-29T22%3A00%3A00.000Z:0
[ 2505763ms] [ERROR] Failed to load resource: net::ERR_NAME_NOT_RESOLVED @ https://zqubwvhstobaugifzoyb.supabase.co/rest/v1/orders?select=*%2Corder_items%28*%2Cproduct%3Aproducts%28*%29%29&company_id=eq.00000000-0000-0000-0000-000000000001&order=created_at.asc&status=in.%28pending%2Cpreparing%2Cready%29:0
[ 2505763ms] [ERROR] Kitchen orders fetch error: {message: TypeError: Failed to fetch, details: TypeError: Failed to fetch
    at http://localhost…lse&lazy=true&transform.routerRoot=app:150369:13), hint: , code: } @ http://localhost:8081/node_modules/expo-router/entry.bundle?platform=web&dev=true&hot=false&lazy=true&transform.routerRoot=app:901
[ 2506859ms] [ERROR] Failed to load resource: net::ERR_NAME_NOT_RESOLVED @ https://zqubwvhstobaugifzoyb.supabase.co/rest/v1/orders?select=id&company_id=eq.00000000-0000-0000-0000-000000000001&status=in.%28pending%2Cpreparing%29:0
[ 2506859ms] [ERROR] Failed to load resource: net::ERR_NAME_NOT_RESOLVED @ https://zqubwvhstobaugifzoyb.supabase.co/rest/v1/orders?select=id%2Ctotal_amount&company_id=eq.00000000-0000-0000-0000-000000000001&created_at=gte.2026-09-01T22%3A00%3A00.000Z:0
[ 2506860ms] [ERROR] Failed to load resource: net::ERR_NAME_NOT_RESOLVED @ https://zqubwvhstobaugifzoyb.supabase.co/rest/v1/orders?select=id%2Ccreated_at%2Cstatus%2Ctotal_amount%2Ccustomer_name%2Cdecline_reason_preset%2Cdecline_reason_note&company_id=eq.00000000-0000-0000-0000-000000000001&status=in.%28pending%2Cpreparing%2Cready%2Ccancelled%29&order=created_at.desc&limit=12:0
[ 2506860ms] [ERROR] Failed to load resource: net::ERR_NAME_NOT_RESOLVED @ https://zqubwvhstobaugifzoyb.supabase.co/rest/v1/orders?select=created_at%2Cstatus&company_id=eq.00000000-0000-0000-0000-000000000001&created_at=gte.2026-08-26T22%3A00%3A00.000Z:0
[ 2506860ms] [ERROR] Failed to load resource: net::ERR_NAME_NOT_RESOLVED @ https://zqubwvhstobaugifzoyb.supabase.co/rest/v1/orders?select=created_at%2Ctotal_amount%2Cstatus%2Corder_type&company_id=eq.00000000-0000-0000-0000-000000000001&created_at=gte.2026-07-29T22%3A00%3A00.000Z:0
[ 2506860ms] [ERROR] Failed to load resource: net::ERR_NAME_NOT_RESOLVED @ https://zqubwvhstobaugifzoyb.supabase.co/rest/v1/products?select=id&company_id=eq.00000000-0000-0000-0000-000000000001&active=eq.true:0
[ 2506934ms] [ERROR] Failed to load resource: net::ERR_NAME_NOT_RESOLVED @ https://zqubwvhstobaugifzoyb.supabase.co/rest/v1/orders?select=*%2Corder_items%28*%2Cproduct%3Aproducts%28*%29%29&company_id=eq.00000000-0000-0000-0000-000000000001&order=created_at.asc&status=in.%28pending%2Cpreparing%2Cready%29:0
[ 2506934ms] [ERROR] Kitchen orders fetch error: {message: TypeError: Failed to fetch, details: TypeError: Failed to fetch
    at http://localhost…lse&lazy=true&transform.routerRoot=app:150369:13), hint: , code: } @ http://localhost:8081/node_modules/expo-router/entry.bundle?platform=web&dev=true&hot=false&lazy=true&transform.routerRoot=app:901
[ 2509047ms] [ERROR] Failed to load resource: net::ERR_NAME_NOT_RESOLVED @ https://zqubwvhstobaugifzoyb.supabase.co/rest/v1/orders?select=id%2Ccreated_at%2Cstatus%2Ctotal_amount%2Ccustomer_name%2Cdecline_reason_preset%2Cdecline_reason_note&company_id=eq.00000000-0000-0000-0000-000000000001&status=in.%28pending%2Cpreparing%2Cready%2Ccancelled%29&order=created_at.desc&limit=12:0
[ 2509047ms] [ERROR] Failed to load resource: net::ERR_NAME_NOT_RESOLVED @ https://zqubwvhstobaugifzoyb.supabase.co/rest/v1/orders?select=id%2Ctotal_amount&company_id=eq.00000000-0000-0000-0000-000000000001&created_at=gte.2026-09-01T22%3A00%3A00.000Z:0
[ 2509047ms] [ERROR] Failed to load resource: net::ERR_NAME_NOT_RESOLVED @ https://zqubwvhstobaugifzoyb.supabase.co/rest/v1/orders?select=id&company_id=eq.00000000-0000-0000-0000-000000000001&status=in.%28pending%2Cpreparing%29:0
[ 2509047ms] [ERROR] Failed to load resource: net::ERR_NAME_NOT_RESOLVED @ https://zqubwvhstobaugifzoyb.supabase.co/rest/v1/orders?select=created_at%2Cstatus&company_id=eq.00000000-0000-0000-0000-000000000001&created_at=gte.2026-08-26T22%3A00%3A00.000Z:0
[ 2509048ms] [ERROR] Failed to load resource: net::ERR_NAME_NOT_RESOLVED @ https://zqubwvhstobaugifzoyb.supabase.co/rest/v1/products?select=id&company_id=eq.00000000-0000-0000-0000-000000000001&active=eq.true:0
[ 2509048ms] [ERROR] Failed to load resource: net::ERR_NAME_NOT_RESOLVED @ https://zqubwvhstobaugifzoyb.supabase.co/rest/v1/orders?select=created_at%2Ctotal_amount%2Cstatus%2Corder_type&company_id=eq.00000000-0000-0000-0000-000000000001&created_at=gte.2026-07-29T22%3A00%3A00.000Z:0
[ 2509146ms] [ERROR] Failed to load resource: net::ERR_NAME_NOT_RESOLVED @ https://zqubwvhstobaugifzoyb.supabase.co/rest/v1/orders?select=*%2Corder_items%28*%2Cproduct%3Aproducts%28*%29%29&company_id=eq.00000000-0000-0000-0000-000000000001&order=created_at.asc&status=in.%28pending%2Cpreparing%2Cready%29:0
[ 2509146ms] [ERROR] Kitchen orders fetch error: {message: TypeError: Failed to fetch, details: TypeError: Failed to fetch
    at http://localhost…lse&lazy=true&transform.routerRoot=app:150369:13), hint: , code: } @ http://localhost:8081/node_modules/expo-router/entry.bundle?platform=web&dev=true&hot=false&lazy=true&transform.routerRoot=app:901
[ 2511296ms] [ERROR] Failed to load resource: net::ERR_NAME_NOT_RESOLVED @ https://zqubwvhstobaugifzoyb.supabase.co/rest/v1/orders?select=id%2Cdisplay_code%2Ccustomer_name%2Ccustomer_phone%2Ctotal_amount%2Corder_type%2Cdelivery_address%2Ctable_number%2Ccreated_at&company_id=eq.00000000-0000-0000-0000-000000000001&status=eq.pending&order=created_at.asc&limit=20:0
[ 2511296ms] [ERROR] [OrderNotification] pending fetch failed: {message: TypeError: Failed to fetch, details: TypeError: Failed to fetch
    at http://localhost…alse&lazy=true&transform.routerRoot=app:203393:26, hint: , code: } @ http://localhost:8081/node_modules/expo-router/entry.bundle?platform=web&dev=true&hot=false&lazy=true&transform.routerRoot=app:901
[ 2513143ms] [ERROR] Failed to load resource: net::ERR_NAME_NOT_RESOLVED @ https://zqubwvhstobaugifzoyb.supabase.co/rest/v1/orders?select=id%2Ccreated_at%2Cstatus%2Ctotal_amount%2Ccustomer_name%2Cdecline_reason_preset%2Cdecline_reason_note&company_id=eq.00000000-0000-0000-0000-000000000001&status=in.%28pending%2Cpreparing%2Cready%2Ccancelled%29&order=created_at.desc&limit=12:0
[ 2513143ms] [ERROR] Failed to load resource: net::ERR_NAME_NOT_RESOLVED @ https://zqubwvhstobaugifzoyb.supabase.co/rest/v1/orders?select=id%2Ctotal_amount&company_id=eq.00000000-0000-0000-0000-000000000001&created_at=gte.2026-09-01T22%3A00%3A00.000Z:0
[ 2513143ms] [ERROR] Failed to load resource: net::ERR_NAME_NOT_RESOLVED @ https://zqubwvhstobaugifzoyb.supabase.co/rest/v1/orders?select=id&company_id=eq.00000000-0000-0000-0000-000000000001&status=in.%28pending%2Cpreparing%29:0
[ 2513143ms] [ERROR] Failed to load resource: net::ERR_NAME_NOT_RESOLVED @ https://zqubwvhstobaugifzoyb.supabase.co/rest/v1/products?select=id&company_id=eq.00000000-0000-0000-0000-000000000001&active=eq.true:0
[ 2513143ms] [ERROR] Failed to load resource: net::ERR_NAME_NOT_RESOLVED @ https://zqubwvhstobaugifzoyb.supabase.co/rest/v1/orders?select=created_at%2Cstatus&company_id=eq.00000000-0000-0000-0000-000000000001&created_at=gte.2026-08-26T22%3A00%3A00.000Z:0
[ 2513143ms] [ERROR] Failed to load resource: net::ERR_NAME_NOT_RESOLVED @ https://zqubwvhstobaugifzoyb.supabase.co/rest/v1/orders?select=created_at%2Ctotal_amount%2Cstatus%2Corder_type&company_id=eq.00000000-0000-0000-0000-000000000001&created_at=gte.2026-07-29T22%3A00%3A00.000Z:0
[ 2513397ms] [ERROR] Failed to load resource: net::ERR_NAME_NOT_RESOLVED @ https://zqubwvhstobaugifzoyb.supabase.co/rest/v1/orders?select=*%2Corder_items%28*%2Cproduct%3Aproducts%28*%29%29&company_id=eq.00000000-0000-0000-0000-000000000001&order=created_at.asc&status=in.%28pending%2Cpreparing%2Cready%29:0
[ 2513397ms] [ERROR] Kitchen orders fetch error: {message: TypeError: Failed to fetch, details: TypeError: Failed to fetch
    at http://localhost…lse&lazy=true&transform.routerRoot=app:150369:13), hint: , code: } @ http://localhost:8081/node_modules/expo-router/entry.bundle?platform=web&dev=true&hot=false&lazy=true&transform.routerRoot=app:901
[ 2521323ms] [ERROR] Failed to load resource: net::ERR_NAME_NOT_RESOLVED @ https://zqubwvhstobaugifzoyb.supabase.co/rest/v1/orders?select=id%2Cdisplay_code%2Ccustomer_name%2Ccustomer_phone%2Ctotal_amount%2Corder_type%2Cdelivery_address%2Ctable_number%2Ccreated_at&company_id=eq.00000000-0000-0000-0000-000000000001&status=eq.pending&order=created_at.asc&limit=20:0
[ 2521323ms] [ERROR] [OrderNotification] pending fetch failed: {message: TypeError: Failed to fetch, details: TypeError: Failed to fetch
    at http://localhost…alse&lazy=true&transform.routerRoot=app:203393:26, hint: , code: } @ http://localhost:8081/node_modules/expo-router/entry.bundle?platform=web&dev=true&hot=false&lazy=true&transform.routerRoot=app:901
[ 2523336ms] [ERROR] Failed to load resource: net::ERR_NAME_NOT_RESOLVED @ https://zqubwvhstobaugifzoyb.supabase.co/rest/v1/orders?select=id%2Ccreated_at%2Cstatus%2Ctotal_amount%2Ccustomer_name%2Cdecline_reason_preset%2Cdecline_reason_note&company_id=eq.00000000-0000-0000-0000-000000000001&status=in.%28pending%2Cpreparing%2Cready%2Ccancelled%29&order=created_at.desc&limit=12:0
[ 2523336ms] [ERROR] Failed to load resource: net::ERR_NAME_NOT_RESOLVED @ https://zqubwvhstobaugifzoyb.supabase.co/rest/v1/orders?select=id%2Ctotal_amount&company_id=eq.00000000-0000-0000-0000-000000000001&created_at=gte.2026-09-01T22%3A00%3A00.000Z:0
[ 2523336ms] [ERROR] Failed to load resource: net::ERR_NAME_NOT_RESOLVED @ https://zqubwvhstobaugifzoyb.supabase.co/rest/v1/orders?select=id&company_id=eq.00000000-0000-0000-0000-000000000001&status=in.%28pending%2Cpreparing%29:0
[ 2523336ms] [ERROR] Failed to load resource: net::ERR_NAME_NOT_RESOLVED @ https://zqubwvhstobaugifzoyb.supabase.co/rest/v1/products?select=id&company_id=eq.00000000-0000-0000-0000-000000000001&active=eq.true:0
[ 2523336ms] [ERROR] Failed to load resource: net::ERR_NAME_NOT_RESOLVED @ https://zqubwvhstobaugifzoyb.supabase.co/rest/v1/orders?select=created_at%2Cstatus&company_id=eq.00000000-0000-0000-0000-000000000001&created_at=gte.2026-08-26T22%3A00%3A00.000Z:0
[ 2523336ms] [ERROR] Failed to load resource: net::ERR_NAME_NOT_RESOLVED @ https://zqubwvhstobaugifzoyb.supabase.co/rest/v1/orders?select=created_at%2Ctotal_amount%2Cstatus%2Corder_type&company_id=eq.00000000-0000-0000-0000-000000000001&created_at=gte.2026-07-29T22%3A00%3A00.000Z:0
[ 2523523ms] [ERROR] Failed to load resource: net::ERR_NAME_NOT_RESOLVED @ https://zqubwvhstobaugifzoyb.supabase.co/rest/v1/orders?select=*%2Corder_items%28*%2Cproduct%3Aproducts%28*%29%29&company_id=eq.00000000-0000-0000-0000-000000000001&order=created_at.asc&status=in.%28pending%2Cpreparing%2Cready%29:0
[ 2523524ms] [ERROR] Kitchen orders fetch error: {message: TypeError: Failed to fetch, details: TypeError: Failed to fetch
    at http://localhost…lse&lazy=true&transform.routerRoot=app:150369:13), hint: , code: } @ http://localhost:8081/node_modules/expo-router/entry.bundle?platform=web&dev=true&hot=false&lazy=true&transform.routerRoot=app:901
[ 2524508ms] [ERROR] Failed to load resource: net::ERR_NAME_NOT_RESOLVED @ https://zqubwvhstobaugifzoyb.supabase.co/rest/v1/orders?select=id%2Ctotal_amount&company_id=eq.00000000-0000-0000-0000-000000000001&created_at=gte.2026-09-01T22%3A00%3A00.000Z:0
[ 2524508ms] [ERROR] Failed to load resource: net::ERR_NAME_NOT_RESOLVED @ https://zqubwvhstobaugifzoyb.supabase.co/rest/v1/orders?select=id%2Ccreated_at%2Cstatus%2Ctotal_amount%2Ccustomer_name%2Cdecline_reason_preset%2Cdecline_reason_note&company_id=eq.00000000-0000-0000-0000-000000000001&status=in.%28pending%2Cpreparing%2Cready%2Ccancelled%29&order=created_at.desc&limit=12:0
[ 2524509ms] [ERROR] Failed to load resource: net::ERR_NAME_NOT_RESOLVED @ https://zqubwvhstobaugifzoyb.supabase.co/rest/v1/orders?select=id&company_id=eq.00000000-0000-0000-0000-000000000001&status=in.%28pending%2Cpreparing%29:0
[ 2524509ms] [ERROR] Failed to load resource: net::ERR_NAME_NOT_RESOLVED @ https://zqubwvhstobaugifzoyb.supabase.co/rest/v1/orders?select=created_at%2Ctotal_amount%2Cstatus%2Corder_type&company_id=eq.00000000-0000-0000-0000-000000000001&created_at=gte.2026-07-29T22%3A00%3A00.000Z:0
[ 2524509ms] [ERROR] Failed to load resource: net::ERR_NAME_NOT_RESOLVED @ https://zqubwvhstobaugifzoyb.supabase.co/rest/v1/orders?select=created_at%2Cstatus&company_id=eq.00000000-0000-0000-0000-000000000001&created_at=gte.2026-08-26T22%3A00%3A00.000Z:0
[ 2524509ms] [ERROR] Failed to load resource: net::ERR_NAME_NOT_RESOLVED @ https://zqubwvhstobaugifzoyb.supabase.co/rest/v1/products?select=id&company_id=eq.00000000-0000-0000-0000-000000000001&active=eq.true:0
[ 2524699ms] [ERROR] Failed to load resource: net::ERR_NAME_NOT_RESOLVED @ https://zqubwvhstobaugifzoyb.supabase.co/rest/v1/orders?select=*%2Corder_items%28*%2Cproduct%3Aproducts%28*%29%29&company_id=eq.00000000-0000-0000-0000-000000000001&order=created_at.asc&status=in.%28pending%2Cpreparing%2Cready%29:0
[ 2524699ms] [ERROR] Kitchen orders fetch error: {message: TypeError: Failed to fetch, details: TypeError: Failed to fetch
    at http://localhost…lse&lazy=true&transform.routerRoot=app:150369:13), hint: , code: } @ http://localhost:8081/node_modules/expo-router/entry.bundle?platform=web&dev=true&hot=false&lazy=true&transform.routerRoot=app:901
[ 2526666ms] [ERROR] Failed to load resource: net::ERR_NAME_NOT_RESOLVED @ https://zqubwvhstobaugifzoyb.supabase.co/rest/v1/orders?select=id%2Ctotal_amount&company_id=eq.00000000-0000-0000-0000-000000000001&created_at=gte.2026-09-01T22%3A00%3A00.000Z:0
[ 2526666ms] [ERROR] Failed to load resource: net::ERR_NAME_NOT_RESOLVED @ https://zqubwvhstobaugifzoyb.supabase.co/rest/v1/orders?select=id%2Ccreated_at%2Cstatus%2Ctotal_amount%2Ccustomer_name%2Cdecline_reason_preset%2Cdecline_reason_note&company_id=eq.00000000-0000-0000-0000-000000000001&status=in.%28pending%2Cpreparing%2Cready%2Ccancelled%29&order=created_at.desc&limit=12:0
[ 2526666ms] [ERROR] Failed to load resource: net::ERR_NAME_NOT_RESOLVED @ https://zqubwvhstobaugifzoyb.supabase.co/rest/v1/orders?select=id&company_id=eq.00000000-0000-0000-0000-000000000001&status=in.%28pending%2Cpreparing%29:0
[ 2526667ms] [ERROR] Failed to load resource: net::ERR_NAME_NOT_RESOLVED @ https://zqubwvhstobaugifzoyb.supabase.co/rest/v1/orders?select=created_at%2Ctotal_amount%2Cstatus%2Corder_type&company_id=eq.00000000-0000-0000-0000-000000000001&created_at=gte.2026-07-29T22%3A00%3A00.000Z:0
[ 2526667ms] [ERROR] Failed to load resource: net::ERR_NAME_NOT_RESOLVED @ https://zqubwvhstobaugifzoyb.supabase.co/rest/v1/orders?select=created_at%2Cstatus&company_id=eq.00000000-0000-0000-0000-000000000001&created_at=gte.2026-08-26T22%3A00%3A00.000Z:0
[ 2526667ms] [ERROR] Failed to load resource: net::ERR_NAME_NOT_RESOLVED @ https://zqubwvhstobaugifzoyb.supabase.co/rest/v1/products?select=id&company_id=eq.00000000-0000-0000-0000-000000000001&active=eq.true:0
[ 2526846ms] [ERROR] Failed to load resource: net::ERR_NAME_NOT_RESOLVED @ https://zqubwvhstobaugifzoyb.supabase.co/rest/v1/orders?select=*%2Corder_items%28*%2Cproduct%3Aproducts%28*%29%29&company_id=eq.00000000-0000-0000-0000-000000000001&order=created_at.asc&status=in.%28pending%2Cpreparing%2Cready%29:0
[ 2526846ms] [ERROR] Kitchen orders fetch error: {message: TypeError: Failed to fetch, details: TypeError: Failed to fetch
    at http://localhost…lse&lazy=true&transform.routerRoot=app:150369:13), hint: , code: } @ http://localhost:8081/node_modules/expo-router/entry.bundle?platform=web&dev=true&hot=false&lazy=true&transform.routerRoot=app:901
[ 2527669ms] [ERROR] WebSocket connection to 'wss://zqubwvhstobaugifzoyb.supabase.co/realtime/v1/websocket?apikey=eyJhbGciOiJIUzI1NiIsInR5cCI6IkpXVCJ9.eyJpc3MiOiJzdXBhYmFzZSIsInJlZiI6InpxdWJ3dmhzdG9iYXVnaWZ6b3liIiwicm9sZSI6ImFub24iLCJpYXQiOjE3Njg0MDg3OTksImV4cCI6MjA4Mzk4NDc5OX0.IWQDg4CNo8UHVMkFhXVkDG1O1IxoADpMX938kapr-SE&vsn=1.0.0' failed: Error in connection establishment: net::ERR_NAME_NOT_RESOLVED @ http://localhost:8081/node_modules/expo-router/entry.bundle?platform=web&dev=true&hot=false&lazy=true&transform.routerRoot=app:99787
[ 2527811ms] [ERROR] Failed to load resource: net::ERR_NAME_NOT_RESOLVED @ https://zqubwvhstobaugifzoyb.supabase.co/rest/v1/orders?select=id%2Cdisplay_code%2Ccustomer_name%2Ccustomer_phone%2Ctotal_amount%2Corder_type%2Cdelivery_address%2Ctable_number%2Ccreated_at&company_id=eq.00000000-0000-0000-0000-000000000001&status=eq.pending&order=created_at.asc&limit=20:0
[ 2527811ms] [ERROR] [OrderNotification] pending fetch failed: {message: TypeError: Failed to fetch, details: TypeError: Failed to fetch
    at http://localhost…alse&lazy=true&transform.routerRoot=app:203393:26, hint: , code: } @ http://localhost:8081/node_modules/expo-router/entry.bundle?platform=web&dev=true&hot=false&lazy=true&transform.routerRoot=app:901
[ 2527986ms] [ERROR] Failed to load resource: net::ERR_NAME_NOT_RESOLVED @ https://zqubwvhstobaugifzoyb.supabase.co/rest/v1/orders?select=id%2Cdisplay_code%2Ccustomer_name%2Ccustomer_phone%2Ctotal_amount%2Corder_type%2Cdelivery_address%2Ctable_number%2Ccreated_at&company_id=eq.00000000-0000-0000-0000-000000000001&status=eq.pending&order=created_at.asc&limit=20:0
[ 2527986ms] [ERROR] [OrderNotification] pending fetch failed: {message: TypeError: Failed to fetch, details: TypeError: Failed to fetch
    at http://localhost…alse&lazy=true&transform.routerRoot=app:203393:26, hint: , code: } @ http://localhost:8081/node_modules/expo-router/entry.bundle?platform=web&dev=true&hot=false&lazy=true&transform.routerRoot=app:901
[ 2529761ms] [ERROR] WebSocket connection to 'wss://zqubwvhstobaugifzoyb.supabase.co/realtime/v1/websocket?apikey=eyJhbGciOiJIUzI1NiIsInR5cCI6IkpXVCJ9.eyJpc3MiOiJzdXBhYmFzZSIsInJlZiI6InpxdWJ3dmhzdG9iYXVnaWZ6b3liIiwicm9sZSI6ImFub24iLCJpYXQiOjE3Njg0MDg3OTksImV4cCI6MjA4Mzk4NDc5OX0.IWQDg4CNo8UHVMkFhXVkDG1O1IxoADpMX938kapr-SE&vsn=1.0.0' failed: Error in connection establishment: net::ERR_NAME_NOT_RESOLVED @ http://localhost:8081/node_modules/expo-router/entry.bundle?platform=web&dev=true&hot=false&lazy=true&transform.routerRoot=app:99787
[ 2529904ms] [ERROR] Failed to load resource: net::ERR_NAME_NOT_RESOLVED @ https://zqubwvhstobaugifzoyb.supabase.co/rest/v1/orders?select=*%2Corder_items%28*%2Cproduct%3Aproducts%28*%29%29&company_id=eq.00000000-0000-0000-0000-000000000001&order=created_at.desc&limit=100:0
[ 2529904ms] [ERROR] Admin orders fetch error: {message: TypeError: Failed to fetch, details: TypeError: Failed to fetch
    at http://localhost…lse&lazy=true&transform.routerRoot=app:202542:13), hint: , code: } @ http://localhost:8081/node_modules/expo-router/entry.bundle?platform=web&dev=true&hot=false&lazy=true&transform.routerRoot=app:901
[ 2529905ms] [ERROR] Failed to load resource: net::ERR_NAME_NOT_RESOLVED @ https://zqubwvhstobaugifzoyb.supabase.co/rest/v1/orders?select=id%2Cdisplay_code%2Ccustomer_name%2Ccustomer_phone%2Ctotal_amount%2Corder_type%2Cdelivery_address%2Ctable_number%2Ccreated_at&company_id=eq.00000000-0000-0000-0000-000000000001&status=eq.pending&order=created_at.asc&limit=20:0
[ 2529905ms] [ERROR] [OrderNotification] pending fetch failed: {message: TypeError: Failed to fetch, details: TypeError: Failed to fetch
    at http://localhost…alse&lazy=true&transform.routerRoot=app:203393:26, hint: , code: } @ http://localhost:8081/node_modules/expo-router/entry.bundle?platform=web&dev=true&hot=false&lazy=true&transform.routerRoot=app:901
[ 2530066ms] [ERROR] Failed to load resource: net::ERR_NAME_NOT_RESOLVED @ https://zqubwvhstobaugifzoyb.supabase.co/rest/v1/orders?select=id%2Cdisplay_code%2Ccustomer_name%2Ccustomer_phone%2Ctotal_amount%2Corder_type%2Cdelivery_address%2Ctable_number%2Ccreated_at&company_id=eq.00000000-0000-0000-0000-000000000001&status=eq.pending&order=created_at.asc&limit=20:0
[ 2530066ms] [ERROR] [OrderNotification] pending fetch failed: {message: TypeError: Failed to fetch, details: TypeError: Failed to fetch
    at http://localhost…alse&lazy=true&transform.routerRoot=app:203393:26, hint: , code: } @ http://localhost:8081/node_modules/expo-router/entry.bundle?platform=web&dev=true&hot=false&lazy=true&transform.routerRoot=app:901
[ 2530857ms] [ERROR] Failed to load resource: net::ERR_NAME_NOT_RESOLVED @ https://zqubwvhstobaugifzoyb.supabase.co/rest/v1/orders?select=id%2Ccreated_at%2Cstatus%2Ctotal_amount%2Ccustomer_name%2Cdecline_reason_preset%2Cdecline_reason_note&company_id=eq.00000000-0000-0000-0000-000000000001&status=in.%28pending%2Cpreparing%2Cready%2Ccancelled%29&order=created_at.desc&limit=12:0
[ 2530858ms] [ERROR] Failed to load resource: net::ERR_NAME_NOT_RESOLVED @ https://zqubwvhstobaugifzoyb.supabase.co/rest/v1/orders?select=id%2Ctotal_amount&company_id=eq.00000000-0000-0000-0000-000000000001&created_at=gte.2026-09-01T22%3A00%3A00.000Z:0
[ 2530858ms] [ERROR] Failed to load resource: net::ERR_NAME_NOT_RESOLVED @ https://zqubwvhstobaugifzoyb.supabase.co/rest/v1/orders?select=id&company_id=eq.00000000-0000-0000-0000-000000000001&status=in.%28pending%2Cpreparing%29:0
[ 2530858ms] [ERROR] Failed to load resource: net::ERR_NAME_NOT_RESOLVED @ https://zqubwvhstobaugifzoyb.supabase.co/rest/v1/products?select=id&company_id=eq.00000000-0000-0000-0000-000000000001&active=eq.true:0
[ 2530858ms] [ERROR] Failed to load resource: net::ERR_NAME_NOT_RESOLVED @ https://zqubwvhstobaugifzoyb.supabase.co/rest/v1/orders?select=created_at%2Cstatus&company_id=eq.00000000-0000-0000-0000-000000000001&created_at=gte.2026-08-26T22%3A00%3A00.000Z:0
[ 2530858ms] [ERROR] Failed to load resource: net::ERR_NAME_NOT_RESOLVED @ https://zqubwvhstobaugifzoyb.supabase.co/rest/v1/orders?select=created_at%2Ctotal_amount%2Cstatus%2Corder_type&company_id=eq.00000000-0000-0000-0000-000000000001&created_at=gte.2026-07-29T22%3A00%3A00.000Z:0
[ 2530905ms] [ERROR] Failed to load resource: net::ERR_NAME_NOT_RESOLVED @ https://zqubwvhstobaugifzoyb.supabase.co/rest/v1/orders?select=*%2Corder_items%28*%2Cproduct%3Aproducts%28*%29%29&company_id=eq.00000000-0000-0000-0000-000000000001&order=created_at.asc&status=in.%28pending%2Cpreparing%2Cready%29:0
[ 2530905ms] [ERROR] Kitchen orders fetch error: {message: TypeError: Failed to fetch, details: TypeError: Failed to fetch
    at http://localhost…lse&lazy=true&transform.routerRoot=app:150369:13), hint: , code: } @ http://localhost:8081/node_modules/expo-router/entry.bundle?platform=web&dev=true&hot=false&lazy=true&transform.routerRoot=app:901
[ 2531056ms] [ERROR] Failed to load resource: net::ERR_NAME_NOT_RESOLVED @ https://zqubwvhstobaugifzoyb.supabase.co/rest/v1/orders?select=*%2Corder_items%28*%2Cproduct%3Aproducts%28*%29%29&company_id=eq.00000000-0000-0000-0000-000000000001&order=created_at.desc&limit=100:0
[ 2531057ms] [ERROR] Admin orders fetch error: {message: TypeError: Failed to fetch, details: TypeError: Failed to fetch
    at http://localhost…lse&lazy=true&transform.routerRoot=app:202542:13), hint: , code: } @ http://localhost:8081/node_modules/expo-router/entry.bundle?platform=web&dev=true&hot=false&lazy=true&transform.routerRoot=app:901
[ 2531287ms] [ERROR] Failed to load resource: net::ERR_NAME_NOT_RESOLVED @ https://zqubwvhstobaugifzoyb.supabase.co/rest/v1/orders?select=id%2Cdisplay_code%2Ccustomer_name%2Ccustomer_phone%2Ctotal_amount%2Corder_type%2Cdelivery_address%2Ctable_number%2Ccreated_at&company_id=eq.00000000-0000-0000-0000-000000000001&status=eq.pending&order=created_at.asc&limit=20:0
[ 2531287ms] [ERROR] [OrderNotification] pending fetch failed: {message: TypeError: Failed to fetch, details: TypeError: Failed to fetch
    at http://localhost…alse&lazy=true&transform.routerRoot=app:203393:26, hint: , code: } @ http://localhost:8081/node_modules/expo-router/entry.bundle?platform=web&dev=true&hot=false&lazy=true&transform.routerRoot=app:901
[ 2533195ms] [ERROR] Failed to load resource: net::ERR_NAME_NOT_RESOLVED @ https://zqubwvhstobaugifzoyb.supabase.co/rest/v1/orders?select=*%2Corder_items%28*%2Cproduct%3Aproducts%28*%29%29&company_id=eq.00000000-0000-0000-0000-000000000001&order=created_at.desc&limit=100:0
[ 2533195ms] [ERROR] Admin orders fetch error: {message: TypeError: Failed to fetch, details: TypeError: Failed to fetch
    at http://localhost…lse&lazy=true&transform.routerRoot=app:202542:13), hint: , code: } @ http://localhost:8081/node_modules/expo-router/entry.bundle?platform=web&dev=true&hot=false&lazy=true&transform.routerRoot=app:901
[ 2534848ms] [ERROR] WebSocket connection to 'wss://zqubwvhstobaugifzoyb.supabase.co/realtime/v1/websocket?apikey=eyJhbGciOiJIUzI1NiIsInR5cCI6IkpXVCJ9.eyJpc3MiOiJzdXBhYmFzZSIsInJlZiI6InpxdWJ3dmhzdG9iYXVnaWZ6b3liIiwicm9sZSI6ImFub24iLCJpYXQiOjE3Njg0MDg3OTksImV4cCI6MjA4Mzk4NDc5OX0.IWQDg4CNo8UHVMkFhXVkDG1O1IxoADpMX938kapr-SE&vsn=1.0.0' failed: Error in connection establishment: net::ERR_NAME_NOT_RESOLVED @ http://localhost:8081/node_modules/expo-router/entry.bundle?platform=web&dev=true&hot=false&lazy=true&transform.routerRoot=app:99787
[ 2535023ms] [ERROR] Failed to load resource: net::ERR_NAME_NOT_RESOLVED @ https://zqubwvhstobaugifzoyb.supabase.co/rest/v1/orders?select=id%2Cdisplay_code%2Ccustomer_name%2Ccustomer_phone%2Ctotal_amount%2Corder_type%2Cdelivery_address%2Ctable_number%2Ccreated_at&company_id=eq.00000000-0000-0000-0000-000000000001&status=eq.pending&order=created_at.asc&limit=20:0
[ 2535023ms] [ERROR] [OrderNotification] pending fetch failed: {message: TypeError: Failed to fetch, details: TypeError: Failed to fetch
    at http://localhost…alse&lazy=true&transform.routerRoot=app:203393:26, hint: , code: } @ http://localhost:8081/node_modules/expo-router/entry.bundle?platform=web&dev=true&hot=false&lazy=true&transform.routerRoot=app:901
[ 2535160ms] [ERROR] Failed to load resource: net::ERR_NAME_NOT_RESOLVED @ https://zqubwvhstobaugifzoyb.supabase.co/rest/v1/orders?select=id%2Cdisplay_code%2Ccustomer_name%2Ccustomer_phone%2Ctotal_amount%2Corder_type%2Cdelivery_address%2Ctable_number%2Ccreated_at&company_id=eq.00000000-0000-0000-0000-000000000001&status=eq.pending&order=created_at.asc&limit=20:0
[ 2535161ms] [ERROR] [OrderNotification] pending fetch failed: {message: TypeError: Failed to fetch, details: TypeError: Failed to fetch
    at http://localhost…alse&lazy=true&transform.routerRoot=app:203393:26, hint: , code: } @ http://localhost:8081/node_modules/expo-router/entry.bundle?platform=web&dev=true&hot=false&lazy=true&transform.routerRoot=app:901
[ 2537326ms] [ERROR] Failed to load resource: net::ERR_NAME_NOT_RESOLVED @ https://zqubwvhstobaugifzoyb.supabase.co/rest/v1/orders?select=*%2Corder_items%28*%2Cproduct%3Aproducts%28*%29%29&company_id=eq.00000000-0000-0000-0000-000000000001&order=created_at.desc&limit=100:0
[ 2537326ms] [ERROR] Admin orders fetch error: {message: TypeError: Failed to fetch, details: TypeError: Failed to fetch
    at http://localhost…lse&lazy=true&transform.routerRoot=app:202542:13), hint: , code: } @ http://localhost:8081/node_modules/expo-router/entry.bundle?platform=web&dev=true&hot=false&lazy=true&transform.routerRoot=app:901
[ 2541129ms] [ERROR] Failed to load resource: net::ERR_NAME_NOT_RESOLVED @ https://zqubwvhstobaugifzoyb.supabase.co/rest/v1/orders?select=id%2Ccreated_at%2Cstatus%2Ctotal_amount%2Ccustomer_name%2Cdecline_reason_preset%2Cdecline_reason_note&company_id=eq.00000000-0000-0000-0000-000000000001&status=in.%28pending%2Cpreparing%2Cready%2Ccancelled%29&order=created_at.desc&limit=12:0
[ 2541129ms] [ERROR] Failed to load resource: net::ERR_NAME_NOT_RESOLVED @ https://zqubwvhstobaugifzoyb.supabase.co/rest/v1/orders?select=id%2Ctotal_amount&company_id=eq.00000000-0000-0000-0000-000000000001&created_at=gte.2026-09-01T22%3A00%3A00.000Z:0
[ 2541129ms] [ERROR] Failed to load resource: net::ERR_NAME_NOT_RESOLVED @ https://zqubwvhstobaugifzoyb.supabase.co/rest/v1/orders?select=id&company_id=eq.00000000-0000-0000-0000-000000000001&status=in.%28pending%2Cpreparing%29:0
[ 2541129ms] [ERROR] Failed to load resource: net::ERR_NAME_NOT_RESOLVED @ https://zqubwvhstobaugifzoyb.supabase.co/rest/v1/products?select=id&company_id=eq.00000000-0000-0000-0000-000000000001&active=eq.true:0
[ 2541129ms] [ERROR] Failed to load resource: net::ERR_NAME_NOT_RESOLVED @ https://zqubwvhstobaugifzoyb.supabase.co/rest/v1/orders?select=created_at%2Cstatus&company_id=eq.00000000-0000-0000-0000-000000000001&created_at=gte.2026-08-26T22%3A00%3A00.000Z:0
[ 2541129ms] [ERROR] Failed to load resource: net::ERR_NAME_NOT_RESOLVED @ https://zqubwvhstobaugifzoyb.supabase.co/rest/v1/orders?select=created_at%2Ctotal_amount%2Cstatus%2Corder_type&company_id=eq.00000000-0000-0000-0000-000000000001&created_at=gte.2026-07-29T22%3A00%3A00.000Z:0
[ 2541216ms] [ERROR] Failed to load resource: net::ERR_NAME_NOT_RESOLVED @ https://zqubwvhstobaugifzoyb.supabase.co/rest/v1/orders?select=*%2Corder_items%28*%2Cproduct%3Aproducts%28*%29%29&company_id=eq.00000000-0000-0000-0000-000000000001&order=created_at.asc&status=in.%28pending%2Cpreparing%2Cready%29:0
[ 2541216ms] [ERROR] Kitchen orders fetch error: {message: TypeError: Failed to fetch, details: TypeError: Failed to fetch
    at http://localhost…lse&lazy=true&transform.routerRoot=app:150369:13), hint: , code: } @ http://localhost:8081/node_modules/expo-router/entry.bundle?platform=web&dev=true&hot=false&lazy=true&transform.routerRoot=app:901
[ 2541303ms] [ERROR] Failed to load resource: net::ERR_NAME_NOT_RESOLVED @ https://zqubwvhstobaugifzoyb.supabase.co/rest/v1/orders?select=id%2Cdisplay_code%2Ccustomer_name%2Ccustomer_phone%2Ctotal_amount%2Corder_type%2Cdelivery_address%2Ctable_number%2Ccreated_at&company_id=eq.00000000-0000-0000-0000-000000000001&status=eq.pending&order=created_at.asc&limit=20:0
[ 2541303ms] [ERROR] [OrderNotification] pending fetch failed: {message: TypeError: Failed to fetch, details: TypeError: Failed to fetch
    at http://localhost…alse&lazy=true&transform.routerRoot=app:203393:26, hint: , code: } @ http://localhost:8081/node_modules/expo-router/entry.bundle?platform=web&dev=true&hot=false&lazy=true&transform.routerRoot=app:901
[ 2542330ms] [ERROR] Failed to load resource: net::ERR_NAME_NOT_RESOLVED @ https://zqubwvhstobaugifzoyb.supabase.co/rest/v1/orders?select=id%2Ctotal_amount&company_id=eq.00000000-0000-0000-0000-000000000001&created_at=gte.2026-09-01T22%3A00%3A00.000Z:0
[ 2542331ms] [ERROR] Failed to load resource: net::ERR_NAME_NOT_RESOLVED @ https://zqubwvhstobaugifzoyb.supabase.co/rest/v1/orders?select=id&company_id=eq.00000000-0000-0000-0000-000000000001&status=in.%28pending%2Cpreparing%29:0
[ 2542331ms] [ERROR] Failed to load resource: net::ERR_NAME_NOT_RESOLVED @ https://zqubwvhstobaugifzoyb.supabase.co/rest/v1/orders?select=id%2Ccreated_at%2Cstatus%2Ctotal_amount%2Ccustomer_name%2Cdecline_reason_preset%2Cdecline_reason_note&company_id=eq.00000000-0000-0000-0000-000000000001&status=in.%28pending%2Cpreparing%2Cready%2Ccancelled%29&order=created_at.desc&limit=12:0
[ 2542331ms] [ERROR] Failed to load resource: net::ERR_NAME_NOT_RESOLVED @ https://zqubwvhstobaugifzoyb.supabase.co/rest/v1/orders?select=*%2Corder_items%28*%2Cproduct%3Aproducts%28*%29%29&company_id=eq.00000000-0000-0000-0000-000000000001&order=created_at.asc&status=in.%28pending%2Cpreparing%2Cready%29:0
[ 2542331ms] [ERROR] Kitchen orders fetch error: {message: TypeError: Failed to fetch, details: TypeError: Failed to fetch
    at http://localhost…lse&lazy=true&transform.routerRoot=app:150369:13), hint: , code: } @ http://localhost:8081/node_modules/expo-router/entry.bundle?platform=web&dev=true&hot=false&lazy=true&transform.routerRoot=app:901
[ 2542331ms] [ERROR] Failed to load resource: net::ERR_NAME_NOT_RESOLVED @ https://zqubwvhstobaugifzoyb.supabase.co/rest/v1/orders?select=created_at%2Ctotal_amount%2Cstatus%2Corder_type&company_id=eq.00000000-0000-0000-0000-000000000001&created_at=gte.2026-07-29T22%3A00%3A00.000Z:0
[ 2542331ms] [ERROR] Failed to load resource: net::ERR_NAME_NOT_RESOLVED @ https://zqubwvhstobaugifzoyb.supabase.co/rest/v1/orders?select=created_at%2Cstatus&company_id=eq.00000000-0000-0000-0000-000000000001&created_at=gte.2026-08-26T22%3A00%3A00.000Z:0
[ 2542414ms] [ERROR] Failed to load resource: net::ERR_NAME_NOT_RESOLVED @ https://zqubwvhstobaugifzoyb.supabase.co/rest/v1/products?select=id&company_id=eq.00000000-0000-0000-0000-000000000001&active=eq.true:0
[ 2544459ms] [ERROR] Failed to load resource: net::ERR_NAME_NOT_RESOLVED @ https://zqubwvhstobaugifzoyb.supabase.co/rest/v1/orders?select=id%2Ccreated_at%2Cstatus%2Ctotal_amount%2Ccustomer_name%2Cdecline_reason_preset%2Cdecline_reason_note&company_id=eq.00000000-0000-0000-0000-000000000001&status=in.%28pending%2Cpreparing%2Cready%2Ccancelled%29&order=created_at.desc&limit=12:0
[ 2544459ms] [ERROR] Failed to load resource: net::ERR_NAME_NOT_RESOLVED @ https://zqubwvhstobaugifzoyb.supabase.co/rest/v1/orders?select=*%2Corder_items%28*%2Cproduct%3Aproducts%28*%29%29&company_id=eq.00000000-0000-0000-0000-000000000001&order=created_at.asc&status=in.%28pending%2Cpreparing%2Cready%29:0
[ 2544459ms] [ERROR] Kitchen orders fetch error: {message: TypeError: Failed to fetch, details: TypeError: Failed to fetch
    at http://localhost…lse&lazy=true&transform.routerRoot=app:150369:13), hint: , code: } @ http://localhost:8081/node_modules/expo-router/entry.bundle?platform=web&dev=true&hot=false&lazy=true&transform.routerRoot=app:901
[ 2544534ms] [ERROR] Failed to load resource: net::ERR_NAME_NOT_RESOLVED @ https://zqubwvhstobaugifzoyb.supabase.co/rest/v1/orders?select=id%2Ctotal_amount&company_id=eq.00000000-0000-0000-0000-000000000001&created_at=gte.2026-09-01T22%3A00%3A00.000Z:0
[ 2544535ms] [ERROR] Failed to load resource: net::ERR_NAME_NOT_RESOLVED @ https://zqubwvhstobaugifzoyb.supabase.co/rest/v1/orders?select=id&company_id=eq.00000000-0000-0000-0000-000000000001&status=in.%28pending%2Cpreparing%29:0
[ 2544535ms] [ERROR] Failed to load resource: net::ERR_NAME_NOT_RESOLVED @ https://zqubwvhstobaugifzoyb.supabase.co/rest/v1/products?select=id&company_id=eq.00000000-0000-0000-0000-000000000001&active=eq.true:0
[ 2544535ms] [ERROR] Failed to load resource: net::ERR_NAME_NOT_RESOLVED @ https://zqubwvhstobaugifzoyb.supabase.co/rest/v1/orders?select=created_at%2Cstatus&company_id=eq.00000000-0000-0000-0000-000000000001&created_at=gte.2026-08-26T22%3A00%3A00.000Z:0
[ 2544535ms] [ERROR] Failed to load resource: net::ERR_NAME_NOT_RESOLVED @ https://zqubwvhstobaugifzoyb.supabase.co/rest/v1/orders?select=created_at%2Ctotal_amount%2Cstatus%2Corder_type&company_id=eq.00000000-0000-0000-0000-000000000001&created_at=gte.2026-07-29T22%3A00%3A00.000Z:0
[ 2544955ms] [ERROR] WebSocket connection to 'wss://zqubwvhstobaugifzoyb.supabase.co/realtime/v1/websocket?apikey=eyJhbGciOiJIUzI1NiIsInR5cCI6IkpXVCJ9.eyJpc3MiOiJzdXBhYmFzZSIsInJlZiI6InpxdWJ3dmhzdG9iYXVnaWZ6b3liIiwicm9sZSI6ImFub24iLCJpYXQiOjE3Njg0MDg3OTksImV4cCI6MjA4Mzk4NDc5OX0.IWQDg4CNo8UHVMkFhXVkDG1O1IxoADpMX938kapr-SE&vsn=1.0.0' failed: Error in connection establishment: net::ERR_NAME_NOT_RESOLVED @ http://localhost:8081/node_modules/expo-router/entry.bundle?platform=web&dev=true&hot=false&lazy=true&transform.routerRoot=app:99787
[ 2545111ms] [ERROR] Failed to load resource: net::ERR_NAME_NOT_RESOLVED @ https://zqubwvhstobaugifzoyb.supabase.co/rest/v1/orders?select=id%2Cdisplay_code%2Ccustomer_name%2Ccustomer_phone%2Ctotal_amount%2Corder_type%2Cdelivery_address%2Ctable_number%2Ccreated_at&company_id=eq.00000000-0000-0000-0000-000000000001&status=eq.pending&order=created_at.asc&limit=20:0
[ 2545111ms] [ERROR] [OrderNotification] pending fetch failed: {message: TypeError: Failed to fetch, details: TypeError: Failed to fetch
    at http://localhost…alse&lazy=true&transform.routerRoot=app:203393:26, hint: , code: } @ http://localhost:8081/node_modules/expo-router/entry.bundle?platform=web&dev=true&hot=false&lazy=true&transform.routerRoot=app:901
[ 2545233ms] [ERROR] Failed to load resource: net::ERR_NAME_NOT_RESOLVED @ https://zqubwvhstobaugifzoyb.supabase.co/rest/v1/orders?select=id%2Cdisplay_code%2Ccustomer_name%2Ccustomer_phone%2Ctotal_amount%2Corder_type%2Cdelivery_address%2Ctable_number%2Ccreated_at&company_id=eq.00000000-0000-0000-0000-000000000001&status=eq.pending&order=created_at.asc&limit=20:0
[ 2545233ms] [ERROR] [OrderNotification] pending fetch failed: {message: TypeError: Failed to fetch, details: TypeError: Failed to fetch
    at http://localhost…alse&lazy=true&transform.routerRoot=app:203393:26, hint: , code: } @ http://localhost:8081/node_modules/expo-router/entry.bundle?platform=web&dev=true&hot=false&lazy=true&transform.routerRoot=app:901
[ 2548614ms] [ERROR] Failed to load resource: net::ERR_NAME_NOT_RESOLVED @ https://zqubwvhstobaugifzoyb.supabase.co/rest/v1/orders?select=id%2Ccreated_at%2Cstatus%2Ctotal_amount%2Ccustomer_name%2Cdecline_reason_preset%2Cdecline_reason_note&company_id=eq.00000000-0000-0000-0000-000000000001&status=in.%28pending%2Cpreparing%2Cready%2Ccancelled%29&order=created_at.desc&limit=12:0
[ 2548615ms] [ERROR] Failed to load resource: net::ERR_NAME_NOT_RESOLVED @ https://zqubwvhstobaugifzoyb.supabase.co/rest/v1/orders?select=*%2Corder_items%28*%2Cproduct%3Aproducts%28*%29%29&company_id=eq.00000000-0000-0000-0000-000000000001&order=created_at.asc&status=in.%28pending%2Cpreparing%2Cready%29:0
[ 2548615ms] [ERROR] Kitchen orders fetch error: {message: TypeError: Failed to fetch, details: TypeError: Failed to fetch
    at http://localhost…lse&lazy=true&transform.routerRoot=app:150369:13), hint: , code: } @ http://localhost:8081/node_modules/expo-router/entry.bundle?platform=web&dev=true&hot=false&lazy=true&transform.routerRoot=app:901
[ 2548615ms] [ERROR] Failed to load resource: net::ERR_NAME_NOT_RESOLVED @ https://zqubwvhstobaugifzoyb.supabase.co/rest/v1/orders?select=id%2Ctotal_amount&company_id=eq.00000000-0000-0000-0000-000000000001&created_at=gte.2026-09-01T22%3A00%3A00.000Z:0
[ 2548615ms] [ERROR] Failed to load resource: net::ERR_NAME_NOT_RESOLVED @ https://zqubwvhstobaugifzoyb.supabase.co/rest/v1/orders?select=id&company_id=eq.00000000-0000-0000-0000-000000000001&status=in.%28pending%2Cpreparing%29:0
[ 2548615ms] [ERROR] Failed to load resource: net::ERR_NAME_NOT_RESOLVED @ https://zqubwvhstobaugifzoyb.supabase.co/rest/v1/products?select=id&company_id=eq.00000000-0000-0000-0000-000000000001&active=eq.true:0
[ 2548615ms] [ERROR] Failed to load resource: net::ERR_NAME_NOT_RESOLVED @ https://zqubwvhstobaugifzoyb.supabase.co/rest/v1/orders?select=created_at%2Cstatus&company_id=eq.00000000-0000-0000-0000-000000000001&created_at=gte.2026-08-26T22%3A00%3A00.000Z:0
[ 2548689ms] [ERROR] Failed to load resource: net::ERR_NAME_NOT_RESOLVED @ https://zqubwvhstobaugifzoyb.supabase.co/rest/v1/orders?select=created_at%2Ctotal_amount%2Cstatus%2Corder_type&company_id=eq.00000000-0000-0000-0000-000000000001&created_at=gte.2026-07-29T22%3A00%3A00.000Z:0
[ 2551335ms] [ERROR] Failed to load resource: net::ERR_NAME_NOT_RESOLVED @ https://zqubwvhstobaugifzoyb.supabase.co/rest/v1/orders?select=id%2Cdisplay_code%2Ccustomer_name%2Ccustomer_phone%2Ctotal_amount%2Corder_type%2Cdelivery_address%2Ctable_number%2Ccreated_at&company_id=eq.00000000-0000-0000-0000-000000000001&status=eq.pending&order=created_at.asc&limit=20:0
[ 2551335ms] [ERROR] [OrderNotification] pending fetch failed: {message: TypeError: Failed to fetch, details: TypeError: Failed to fetch
    at http://localhost…alse&lazy=true&transform.routerRoot=app:203393:26, hint: , code: } @ http://localhost:8081/node_modules/expo-router/entry.bundle?platform=web&dev=true&hot=false&lazy=true&transform.routerRoot=app:901
[ 2555032ms] [ERROR] WebSocket connection to 'wss://zqubwvhstobaugifzoyb.supabase.co/realtime/v1/websocket?apikey=eyJhbGciOiJIUzI1NiIsInR5cCI6IkpXVCJ9.eyJpc3MiOiJzdXBhYmFzZSIsInJlZiI6InpxdWJ3dmhzdG9iYXVnaWZ6b3liIiwicm9sZSI6ImFub24iLCJpYXQiOjE3Njg0MDg3OTksImV4cCI6MjA4Mzk4NDc5OX0.IWQDg4CNo8UHVMkFhXVkDG1O1IxoADpMX938kapr-SE&vsn=1.0.0' failed: Error in connection establishment: net::ERR_NAME_NOT_RESOLVED @ http://localhost:8081/node_modules/expo-router/entry.bundle?platform=web&dev=true&hot=false&lazy=true&transform.routerRoot=app:99787
[ 2555198ms] [ERROR] Failed to load resource: net::ERR_NAME_NOT_RESOLVED @ https://zqubwvhstobaugifzoyb.supabase.co/rest/v1/orders?select=id%2Cdisplay_code%2Ccustomer_name%2Ccustomer_phone%2Ctotal_amount%2Corder_type%2Cdelivery_address%2Ctable_number%2Ccreated_at&company_id=eq.00000000-0000-0000-0000-000000000001&status=eq.pending&order=created_at.asc&limit=20:0
[ 2555198ms] [ERROR] [OrderNotification] pending fetch failed: {message: TypeError: Failed to fetch, details: TypeError: Failed to fetch
    at http://localhost…alse&lazy=true&transform.routerRoot=app:203393:26, hint: , code: } @ http://localhost:8081/node_modules/expo-router/entry.bundle?platform=web&dev=true&hot=false&lazy=true&transform.routerRoot=app:901
[ 2555334ms] [ERROR] Failed to load resource: net::ERR_NAME_NOT_RESOLVED @ https://zqubwvhstobaugifzoyb.supabase.co/rest/v1/orders?select=id%2Cdisplay_code%2Ccustomer_name%2Ccustomer_phone%2Ctotal_amount%2Corder_type%2Cdelivery_address%2Ctable_number%2Ccreated_at&company_id=eq.00000000-0000-0000-0000-000000000001&status=eq.pending&order=created_at.asc&limit=20:0
[ 2555334ms] [ERROR] [OrderNotification] pending fetch failed: {message: TypeError: Failed to fetch, details: TypeError: Failed to fetch
    at http://localhost…alse&lazy=true&transform.routerRoot=app:203393:26, hint: , code: } @ http://localhost:8081/node_modules/expo-router/entry.bundle?platform=web&dev=true&hot=false&lazy=true&transform.routerRoot=app:901
[ 2559039ms] [ERROR] Failed to load resource: net::ERR_NAME_NOT_RESOLVED @ https://zqubwvhstobaugifzoyb.supabase.co/rest/v1/orders?select=id%2Ccreated_at%2Cstatus%2Ctotal_amount%2Ccustomer_name%2Cdecline_reason_preset%2Cdecline_reason_note&company_id=eq.00000000-0000-0000-0000-000000000001&status=in.%28pending%2Cpreparing%2Cready%2Ccancelled%29&order=created_at.desc&limit=12:0
[ 2559039ms] [ERROR] Failed to load resource: net::ERR_NAME_NOT_RESOLVED @ https://zqubwvhstobaugifzoyb.supabase.co/rest/v1/orders?select=*%2Corder_items%28*%2Cproduct%3Aproducts%28*%29%29&company_id=eq.00000000-0000-0000-0000-000000000001&order=created_at.asc&status=in.%28pending%2Cpreparing%2Cready%29:0
[ 2559039ms] [ERROR] Kitchen orders fetch error: {message: TypeError: Failed to fetch, details: TypeError: Failed to fetch
    at http://localhost…lse&lazy=true&transform.routerRoot=app:150369:13), hint: , code: } @ http://localhost:8081/node_modules/expo-router/entry.bundle?platform=web&dev=true&hot=false&lazy=true&transform.routerRoot=app:901
[ 2559039ms] [ERROR] Failed to load resource: net::ERR_NAME_NOT_RESOLVED @ https://zqubwvhstobaugifzoyb.supabase.co/rest/v1/orders?select=id%2Ctotal_amount&company_id=eq.00000000-0000-0000-0000-000000000001&created_at=gte.2026-09-01T22%3A00%3A00.000Z:0
[ 2559039ms] [ERROR] Failed to load resource: net::ERR_NAME_NOT_RESOLVED @ https://zqubwvhstobaugifzoyb.supabase.co/rest/v1/orders?select=id&company_id=eq.00000000-0000-0000-0000-000000000001&status=in.%28pending%2Cpreparing%29:0
[ 2559039ms] [ERROR] Failed to load resource: net::ERR_NAME_NOT_RESOLVED @ https://zqubwvhstobaugifzoyb.supabase.co/rest/v1/products?select=id&company_id=eq.00000000-0000-0000-0000-000000000001&active=eq.true:0
[ 2559039ms] [ERROR] Failed to load resource: net::ERR_NAME_NOT_RESOLVED @ https://zqubwvhstobaugifzoyb.supabase.co/rest/v1/orders?select=created_at%2Cstatus&company_id=eq.00000000-0000-0000-0000-000000000001&created_at=gte.2026-08-26T22%3A00%3A00.000Z:0
[ 2559182ms] [ERROR] Failed to load resource: net::ERR_NAME_NOT_RESOLVED @ https://zqubwvhstobaugifzoyb.supabase.co/rest/v1/orders?select=created_at%2Ctotal_amount%2Cstatus%2Corder_type&company_id=eq.00000000-0000-0000-0000-000000000001&created_at=gte.2026-07-29T22%3A00%3A00.000Z:0
[ 2560233ms] [ERROR] Failed to load resource: net::ERR_NAME_NOT_RESOLVED @ https://zqubwvhstobaugifzoyb.supabase.co/rest/v1/orders?select=*%2Corder_items%28*%2Cproduct%3Aproducts%28*%29%29&company_id=eq.00000000-0000-0000-0000-000000000001&order=created_at.asc&status=in.%28pending%2Cpreparing%2Cready%29:0
[ 2560233ms] [ERROR] Kitchen orders fetch error: {message: TypeError: Failed to fetch, details: TypeError: Failed to fetch
    at http://localhost…lse&lazy=true&transform.routerRoot=app:150369:13), hint: , code: } @ http://localhost:8081/node_modules/expo-router/entry.bundle?platform=web&dev=true&hot=false&lazy=true&transform.routerRoot=app:901
[ 2560234ms] [ERROR] Failed to load resource: net::ERR_NAME_NOT_RESOLVED @ https://zqubwvhstobaugifzoyb.supabase.co/rest/v1/orders?select=id%2Ccreated_at%2Cstatus%2Ctotal_amount%2Ccustomer_name%2Cdecline_reason_preset%2Cdecline_reason_note&company_id=eq.00000000-0000-0000-0000-000000000001&status=in.%28pending%2Cpreparing%2Cready%2Ccancelled%29&order=created_at.desc&limit=12:0
[ 2560295ms] [ERROR] Failed to load resource: net::ERR_NAME_NOT_RESOLVED @ https://zqubwvhstobaugifzoyb.supabase.co/rest/v1/orders?select=id%2Ctotal_amount&company_id=eq.00000000-0000-0000-0000-000000000001&created_at=gte.2026-09-01T22%3A00%3A00.000Z:0
[ 2560296ms] [ERROR] Failed to load resource: net::ERR_NAME_NOT_RESOLVED @ https://zqubwvhstobaugifzoyb.supabase.co/rest/v1/orders?select=id&company_id=eq.00000000-0000-0000-0000-000000000001&status=in.%28pending%2Cpreparing%29:0
[ 2560296ms] [ERROR] Failed to load resource: net::ERR_NAME_NOT_RESOLVED @ https://zqubwvhstobaugifzoyb.supabase.co/rest/v1/orders?select=created_at%2Cstatus&company_id=eq.00000000-0000-0000-0000-000000000001&created_at=gte.2026-08-26T22%3A00%3A00.000Z:0
[ 2560296ms] [ERROR] Failed to load resource: net::ERR_NAME_NOT_RESOLVED @ https://zqubwvhstobaugifzoyb.supabase.co/rest/v1/orders?select=created_at%2Ctotal_amount%2Cstatus%2Corder_type&company_id=eq.00000000-0000-0000-0000-000000000001&created_at=gte.2026-07-29T22%3A00%3A00.000Z:0
[ 2560296ms] [ERROR] Failed to load resource: net::ERR_NAME_NOT_RESOLVED @ https://zqubwvhstobaugifzoyb.supabase.co/rest/v1/products?select=id&company_id=eq.00000000-0000-0000-0000-000000000001&active=eq.true:0
[ 2561291ms] [ERROR] Failed to load resource: net::ERR_NAME_NOT_RESOLVED @ https://zqubwvhstobaugifzoyb.supabase.co/rest/v1/orders?select=id%2Cdisplay_code%2Ccustomer_name%2Ccustomer_phone%2Ctotal_amount%2Corder_type%2Cdelivery_address%2Ctable_number%2Ccreated_at&company_id=eq.00000000-0000-0000-0000-000000000001&status=eq.pending&order=created_at.asc&limit=20:0
[ 2561291ms] [ERROR] [OrderNotification] pending fetch failed: {message: TypeError: Failed to fetch, details: TypeError: Failed to fetch
    at http://localhost…alse&lazy=true&transform.routerRoot=app:203393:26, hint: , code: } @ http://localhost:8081/node_modules/expo-router/entry.bundle?platform=web&dev=true&hot=false&lazy=true&transform.routerRoot=app:901
[ 2562397ms] [ERROR] Failed to load resource: net::ERR_NAME_NOT_RESOLVED @ https://zqubwvhstobaugifzoyb.supabase.co/rest/v1/orders?select=*%2Corder_items%28*%2Cproduct%3Aproducts%28*%29%29&company_id=eq.00000000-0000-0000-0000-000000000001&order=created_at.asc&status=in.%28pending%2Cpreparing%2Cready%29:0
[ 2562397ms] [ERROR] Kitchen orders fetch error: {message: TypeError: Failed to fetch, details: TypeError: Failed to fetch
    at http://localhost…lse&lazy=true&transform.routerRoot=app:150369:13), hint: , code: } @ http://localhost:8081/node_modules/expo-router/entry.bundle?platform=web&dev=true&hot=false&lazy=true&transform.routerRoot=app:901
[ 2562397ms] [ERROR] Failed to load resource: net::ERR_NAME_NOT_RESOLVED @ https://zqubwvhstobaugifzoyb.supabase.co/rest/v1/orders?select=id&company_id=eq.00000000-0000-0000-0000-000000000001&status=in.%28pending%2Cpreparing%29:0
[ 2562397ms] [ERROR] Failed to load resource: net::ERR_NAME_NOT_RESOLVED @ https://zqubwvhstobaugifzoyb.supabase.co/rest/v1/orders?select=id%2Ccreated_at%2Cstatus%2Ctotal_amount%2Ccustomer_name%2Cdecline_reason_preset%2Cdecline_reason_note&company_id=eq.00000000-0000-0000-0000-000000000001&status=in.%28pending%2Cpreparing%2Cready%2Ccancelled%29&order=created_at.desc&limit=12:0
[ 2562397ms] [ERROR] Failed to load resource: net::ERR_NAME_NOT_RESOLVED @ https://zqubwvhstobaugifzoyb.supabase.co/rest/v1/orders?select=id%2Ctotal_amount&company_id=eq.00000000-0000-0000-0000-000000000001&created_at=gte.2026-09-01T22%3A00%3A00.000Z:0
[ 2562397ms] [ERROR] Failed to load resource: net::ERR_NAME_NOT_RESOLVED @ https://zqubwvhstobaugifzoyb.supabase.co/rest/v1/orders?select=created_at%2Cstatus&company_id=eq.00000000-0000-0000-0000-000000000001&created_at=gte.2026-08-26T22%3A00%3A00.000Z:0
[ 2562397ms] [ERROR] Failed to load resource: net::ERR_NAME_NOT_RESOLVED @ https://zqubwvhstobaugifzoyb.supabase.co/rest/v1/products?select=id&company_id=eq.00000000-0000-0000-0000-000000000001&active=eq.true:0
[ 2562459ms] [ERROR] Failed to load resource: net::ERR_NAME_NOT_RESOLVED @ https://zqubwvhstobaugifzoyb.supabase.co/rest/v1/orders?select=created_at%2Ctotal_amount%2Cstatus%2Corder_type&company_id=eq.00000000-0000-0000-0000-000000000001&created_at=gte.2026-07-29T22%3A00%3A00.000Z:0
[ 2565149ms] [ERROR] WebSocket connection to 'wss://zqubwvhstobaugifzoyb.supabase.co/realtime/v1/websocket?apikey=eyJhbGciOiJIUzI1NiIsInR5cCI6IkpXVCJ9.eyJpc3MiOiJzdXBhYmFzZSIsInJlZiI6InpxdWJ3dmhzdG9iYXVnaWZ6b3liIiwicm9sZSI6ImFub24iLCJpYXQiOjE3Njg0MDg3OTksImV4cCI6MjA4Mzk4NDc5OX0.IWQDg4CNo8UHVMkFhXVkDG1O1IxoADpMX938kapr-SE&vsn=1.0.0' failed: Error in connection establishment: net::ERR_NAME_NOT_RESOLVED @ http://localhost:8081/node_modules/expo-router/entry.bundle?platform=web&dev=true&hot=false&lazy=true&transform.routerRoot=app:99787
[ 2565300ms] [ERROR] Failed to load resource: net::ERR_NAME_NOT_RESOLVED @ https://zqubwvhstobaugifzoyb.supabase.co/rest/v1/orders?select=id%2Cdisplay_code%2Ccustomer_name%2Ccustomer_phone%2Ctotal_amount%2Corder_type%2Cdelivery_address%2Ctable_number%2Ccreated_at&company_id=eq.00000000-0000-0000-0000-000000000001&status=eq.pending&order=created_at.asc&limit=20:0
[ 2565300ms] [ERROR] [OrderNotification] pending fetch failed: {message: TypeError: Failed to fetch, details: TypeError: Failed to fetch
    at http://localhost…alse&lazy=true&transform.routerRoot=app:203393:26, hint: , code: } @ http://localhost:8081/node_modules/expo-router/entry.bundle?platform=web&dev=true&hot=false&lazy=true&transform.routerRoot=app:901
[ 2565439ms] [ERROR] Failed to load resource: net::ERR_NAME_NOT_RESOLVED @ https://zqubwvhstobaugifzoyb.supabase.co/rest/v1/orders?select=id%2Cdisplay_code%2Ccustomer_name%2Ccustomer_phone%2Ctotal_amount%2Corder_type%2Cdelivery_address%2Ctable_number%2Ccreated_at&company_id=eq.00000000-0000-0000-0000-000000000001&status=eq.pending&order=created_at.asc&limit=20:0
[ 2565439ms] [ERROR] [OrderNotification] pending fetch failed: {message: TypeError: Failed to fetch, details: TypeError: Failed to fetch
    at http://localhost…alse&lazy=true&transform.routerRoot=app:203393:26, hint: , code: } @ http://localhost:8081/node_modules/expo-router/entry.bundle?platform=web&dev=true&hot=false&lazy=true&transform.routerRoot=app:901
[ 2566577ms] [ERROR] Failed to load resource: net::ERR_NAME_NOT_RESOLVED @ https://zqubwvhstobaugifzoyb.supabase.co/rest/v1/orders?select=*%2Corder_items%28*%2Cproduct%3Aproducts%28*%29%29&company_id=eq.00000000-0000-0000-0000-000000000001&order=created_at.asc&status=in.%28pending%2Cpreparing%2Cready%29:0
[ 2566577ms] [ERROR] Kitchen orders fetch error: {message: TypeError: Failed to fetch, details: TypeError: Failed to fetch
    at http://localhost…lse&lazy=true&transform.routerRoot=app:150369:13), hint: , code: } @ http://localhost:8081/node_modules/expo-router/entry.bundle?platform=web&dev=true&hot=false&lazy=true&transform.routerRoot=app:901
[ 2566578ms] [ERROR] Failed to load resource: net::ERR_NAME_NOT_RESOLVED @ https://zqubwvhstobaugifzoyb.supabase.co/rest/v1/orders?select=id%2Ccreated_at%2Cstatus%2Ctotal_amount%2Ccustomer_name%2Cdecline_reason_preset%2Cdecline_reason_note&company_id=eq.00000000-0000-0000-0000-000000000001&status=in.%28pending%2Cpreparing%2Cready%2Ccancelled%29&order=created_at.desc&limit=12:0
[ 2566578ms] [ERROR] Failed to load resource: net::ERR_NAME_NOT_RESOLVED @ https://zqubwvhstobaugifzoyb.supabase.co/rest/v1/orders?select=id%2Ctotal_amount&company_id=eq.00000000-0000-0000-0000-000000000001&created_at=gte.2026-09-01T22%3A00%3A00.000Z:0
[ 2566578ms] [ERROR] Failed to load resource: net::ERR_NAME_NOT_RESOLVED @ https://zqubwvhstobaugifzoyb.supabase.co/rest/v1/orders?select=id&company_id=eq.00000000-0000-0000-0000-000000000001&status=in.%28pending%2Cpreparing%29:0
[ 2566578ms] [ERROR] Failed to load resource: net::ERR_NAME_NOT_RESOLVED @ https://zqubwvhstobaugifzoyb.supabase.co/rest/v1/products?select=id&company_id=eq.00000000-0000-0000-0000-000000000001&active=eq.true:0
[ 2566578ms] [ERROR] Failed to load resource: net::ERR_NAME_NOT_RESOLVED @ https://zqubwvhstobaugifzoyb.supabase.co/rest/v1/orders?select=created_at%2Cstatus&company_id=eq.00000000-0000-0000-0000-000000000001&created_at=gte.2026-08-26T22%3A00%3A00.000Z:0
[ 2566710ms] [ERROR] Failed to load resource: net::ERR_NAME_NOT_RESOLVED @ https://zqubwvhstobaugifzoyb.supabase.co/rest/v1/orders?select=created_at%2Ctotal_amount%2Cstatus%2Corder_type&company_id=eq.00000000-0000-0000-0000-000000000001&created_at=gte.2026-07-29T22%3A00%3A00.000Z:0
[ 2567543ms] [ERROR] Failed to load resource: net::ERR_NAME_NOT_RESOLVED @ https://zqubwvhstobaugifzoyb.supabase.co/rest/v1/orders?select=*%2Corder_items%28*%2Cproduct%3Aproducts%28*%29%29&company_id=eq.00000000-0000-0000-0000-000000000001&order=created_at.desc&limit=100:0
[ 2567543ms] [ERROR] Admin orders fetch error: {message: TypeError: Failed to fetch, details: TypeError: Failed to fetch
    at http://localhost…lse&lazy=true&transform.routerRoot=app:202542:13), hint: , code: } @ http://localhost:8081/node_modules/expo-router/entry.bundle?platform=web&dev=true&hot=false&lazy=true&transform.routerRoot=app:901
[ 2568672ms] [ERROR] Failed to load resource: net::ERR_NAME_NOT_RESOLVED @ https://zqubwvhstobaugifzoyb.supabase.co/rest/v1/orders?select=*%2Corder_items%28*%2Cproduct%3Aproducts%28*%29%29&company_id=eq.00000000-0000-0000-0000-000000000001&order=created_at.desc&limit=100:0
[ 2568672ms] [ERROR] Admin orders fetch error: {message: TypeError: Failed to fetch, details: TypeError: Failed to fetch
    at http://localhost…lse&lazy=true&transform.routerRoot=app:202542:13), hint: , code: } @ http://localhost:8081/node_modules/expo-router/entry.bundle?platform=web&dev=true&hot=false&lazy=true&transform.routerRoot=app:901
[ 2570824ms] [ERROR] Failed to load resource: net::ERR_NAME_NOT_RESOLVED @ https://zqubwvhstobaugifzoyb.supabase.co/rest/v1/orders?select=*%2Corder_items%28*%2Cproduct%3Aproducts%28*%29%29&company_id=eq.00000000-0000-0000-0000-000000000001&order=created_at.desc&limit=100:0
[ 2570824ms] [ERROR] Admin orders fetch error: {message: TypeError: Failed to fetch, details: TypeError: Failed to fetch
    at http://localhost…lse&lazy=true&transform.routerRoot=app:202542:13), hint: , code: } @ http://localhost:8081/node_modules/expo-router/entry.bundle?platform=web&dev=true&hot=false&lazy=true&transform.routerRoot=app:901
[ 2571322ms] [ERROR] Failed to load resource: net::ERR_NAME_NOT_RESOLVED @ https://zqubwvhstobaugifzoyb.supabase.co/rest/v1/orders?select=id%2Cdisplay_code%2Ccustomer_name%2Ccustomer_phone%2Ctotal_amount%2Corder_type%2Cdelivery_address%2Ctable_number%2Ccreated_at&company_id=eq.00000000-0000-0000-0000-000000000001&status=eq.pending&order=created_at.asc&limit=20:0
[ 2571322ms] [ERROR] [OrderNotification] pending fetch failed: {message: TypeError: Failed to fetch, details: TypeError: Failed to fetch
    at http://localhost…alse&lazy=true&transform.routerRoot=app:203393:26, hint: , code: } @ http://localhost:8081/node_modules/expo-router/entry.bundle?platform=web&dev=true&hot=false&lazy=true&transform.routerRoot=app:901
[ 2574975ms] [ERROR] Failed to load resource: net::ERR_NAME_NOT_RESOLVED @ https://zqubwvhstobaugifzoyb.supabase.co/rest/v1/orders?select=*%2Corder_items%28*%2Cproduct%3Aproducts%28*%29%29&company_id=eq.00000000-0000-0000-0000-000000000001&order=created_at.desc&limit=100:0
[ 2574975ms] [ERROR] Admin orders fetch error: {message: TypeError: Failed to fetch, details: TypeError: Failed to fetch
    at http://localhost…lse&lazy=true&transform.routerRoot=app:202542:13), hint: , code: } @ http://localhost:8081/node_modules/expo-router/entry.bundle?platform=web&dev=true&hot=false&lazy=true&transform.routerRoot=app:901
[ 2575232ms] [ERROR] WebSocket connection to 'wss://zqubwvhstobaugifzoyb.supabase.co/realtime/v1/websocket?apikey=eyJhbGciOiJIUzI1NiIsInR5cCI6IkpXVCJ9.eyJpc3MiOiJzdXBhYmFzZSIsInJlZiI6InpxdWJ3dmhzdG9iYXVnaWZ6b3liIiwicm9sZSI6ImFub24iLCJpYXQiOjE3Njg0MDg3OTksImV4cCI6MjA4Mzk4NDc5OX0.IWQDg4CNo8UHVMkFhXVkDG1O1IxoADpMX938kapr-SE&vsn=1.0.0' failed: Error in connection establishment: net::ERR_NAME_NOT_RESOLVED @ http://localhost:8081/node_modules/expo-router/entry.bundle?platform=web&dev=true&hot=false&lazy=true&transform.routerRoot=app:99787
[ 2575458ms] [ERROR] Failed to load resource: net::ERR_NAME_NOT_RESOLVED @ https://zqubwvhstobaugifzoyb.supabase.co/rest/v1/orders?select=id%2Cdisplay_code%2Ccustomer_name%2Ccustomer_phone%2Ctotal_amount%2Corder_type%2Cdelivery_address%2Ctable_number%2Ccreated_at&company_id=eq.00000000-0000-0000-0000-000000000001&status=eq.pending&order=created_at.asc&limit=20:0
[ 2575458ms] [ERROR] [OrderNotification] pending fetch failed: {message: TypeError: Failed to fetch, details: TypeError: Failed to fetch
    at http://localhost…alse&lazy=true&transform.routerRoot=app:203393:26, hint: , code: } @ http://localhost:8081/node_modules/expo-router/entry.bundle?platform=web&dev=true&hot=false&lazy=true&transform.routerRoot=app:901
[ 2575607ms] [ERROR] Failed to load resource: net::ERR_NAME_NOT_RESOLVED @ https://zqubwvhstobaugifzoyb.supabase.co/rest/v1/orders?select=id%2Cdisplay_code%2Ccustomer_name%2Ccustomer_phone%2Ctotal_amount%2Corder_type%2Cdelivery_address%2Ctable_number%2Ccreated_at&company_id=eq.00000000-0000-0000-0000-000000000001&status=eq.pending&order=created_at.asc&limit=20:0
[ 2575607ms] [ERROR] [OrderNotification] pending fetch failed: {message: TypeError: Failed to fetch, details: TypeError: Failed to fetch
    at http://localhost…alse&lazy=true&transform.routerRoot=app:203393:26, hint: , code: } @ http://localhost:8081/node_modules/expo-router/entry.bundle?platform=web&dev=true&hot=false&lazy=true&transform.routerRoot=app:901
[ 2576748ms] [ERROR] Failed to load resource: net::ERR_NAME_NOT_RESOLVED @ https://zqubwvhstobaugifzoyb.supabase.co/rest/v1/orders?select=*%2Corder_items%28*%2Cproduct%3Aproducts%28*%29%29&company_id=eq.00000000-0000-0000-0000-000000000001&order=created_at.asc&status=in.%28pending%2Cpreparing%2Cready%29:0
[ 2576748ms] [ERROR] Kitchen orders fetch error: {message: TypeError: Failed to fetch, details: TypeError: Failed to fetch
    at http://localhost…lse&lazy=true&transform.routerRoot=app:150369:13), hint: , code: } @ http://localhost:8081/node_modules/expo-router/entry.bundle?platform=web&dev=true&hot=false&lazy=true&transform.routerRoot=app:901
[ 2576748ms] [ERROR] Failed to load resource: net::ERR_NAME_NOT_RESOLVED @ https://zqubwvhstobaugifzoyb.supabase.co/rest/v1/orders?select=id%2Ccreated_at%2Cstatus%2Ctotal_amount%2Ccustomer_name%2Cdecline_reason_preset%2Cdecline_reason_note&company_id=eq.00000000-0000-0000-0000-000000000001&status=in.%28pending%2Cpreparing%2Cready%2Ccancelled%29&order=created_at.desc&limit=12:0
[ 2576806ms] [ERROR] Failed to load resource: net::ERR_NAME_NOT_RESOLVED @ https://zqubwvhstobaugifzoyb.supabase.co/rest/v1/orders?select=id%2Ctotal_amount&company_id=eq.00000000-0000-0000-0000-000000000001&created_at=gte.2026-09-01T22%3A00%3A00.000Z:0
[ 2576807ms] [ERROR] Failed to load resource: net::ERR_NAME_NOT_RESOLVED @ https://zqubwvhstobaugifzoyb.supabase.co/rest/v1/orders?select=id&company_id=eq.00000000-0000-0000-0000-000000000001&status=in.%28pending%2Cpreparing%29:0
[ 2576807ms] [ERROR] Failed to load resource: net::ERR_NAME_NOT_RESOLVED @ https://zqubwvhstobaugifzoyb.supabase.co/rest/v1/products?select=id&company_id=eq.00000000-0000-0000-0000-000000000001&active=eq.true:0
[ 2576807ms] [ERROR] Failed to load resource: net::ERR_NAME_NOT_RESOLVED @ https://zqubwvhstobaugifzoyb.supabase.co/rest/v1/orders?select=created_at%2Cstatus&company_id=eq.00000000-0000-0000-0000-000000000001&created_at=gte.2026-08-26T22%3A00%3A00.000Z:0
[ 2576807ms] [ERROR] Failed to load resource: net::ERR_NAME_NOT_RESOLVED @ https://zqubwvhstobaugifzoyb.supabase.co/rest/v1/orders?select=created_at%2Ctotal_amount%2Cstatus%2Corder_type&company_id=eq.00000000-0000-0000-0000-000000000001&created_at=gte.2026-07-29T22%3A00%3A00.000Z:0
[ 2577910ms] [ERROR] Failed to load resource: net::ERR_NAME_NOT_RESOLVED @ https://zqubwvhstobaugifzoyb.supabase.co/rest/v1/orders?select=id%2Ctotal_amount&company_id=eq.00000000-0000-0000-0000-000000000001&created_at=gte.2026-09-01T22%3A00%3A00.000Z:0
[ 2577910ms] [ERROR] Failed to load resource: net::ERR_NAME_NOT_RESOLVED @ https://zqubwvhstobaugifzoyb.supabase.co/rest/v1/orders?select=id%2Ccreated_at%2Cstatus%2Ctotal_amount%2Ccustomer_name%2Cdecline_reason_preset%2Cdecline_reason_note&company_id=eq.00000000-0000-0000-0000-000000000001&status=in.%28pending%2Cpreparing%2Cready%2Ccancelled%29&order=created_at.desc&limit=12:0
[ 2577910ms] [ERROR] Failed to load resource: net::ERR_NAME_NOT_RESOLVED @ https://zqubwvhstobaugifzoyb.supabase.co/rest/v1/orders?select=id&company_id=eq.00000000-0000-0000-0000-000000000001&status=in.%28pending%2Cpreparing%29:0
[ 2577910ms] [ERROR] Failed to load resource: net::ERR_NAME_NOT_RESOLVED @ https://zqubwvhstobaugifzoyb.supabase.co/rest/v1/orders?select=*%2Corder_items%28*%2Cproduct%3Aproducts%28*%29%29&company_id=eq.00000000-0000-0000-0000-000000000001&order=created_at.asc&status=in.%28pending%2Cpreparing%2Cready%29:0
[ 2577910ms] [ERROR] Kitchen orders fetch error: {message: TypeError: Failed to fetch, details: TypeError: Failed to fetch
    at http://localhost…lse&lazy=true&transform.routerRoot=app:150369:13), hint: , code: } @ http://localhost:8081/node_modules/expo-router/entry.bundle?platform=web&dev=true&hot=false&lazy=true&transform.routerRoot=app:901
[ 2577911ms] [ERROR] Failed to load resource: net::ERR_NAME_NOT_RESOLVED @ https://zqubwvhstobaugifzoyb.supabase.co/rest/v1/products?select=id&company_id=eq.00000000-0000-0000-0000-000000000001&active=eq.true:0
[ 2577911ms] [ERROR] Failed to load resource: net::ERR_NAME_NOT_RESOLVED @ https://zqubwvhstobaugifzoyb.supabase.co/rest/v1/orders?select=created_at%2Cstatus&company_id=eq.00000000-0000-0000-0000-000000000001&created_at=gte.2026-08-26T22%3A00%3A00.000Z:0
[ 2577971ms] [ERROR] Failed to load resource: net::ERR_NAME_NOT_RESOLVED @ https://zqubwvhstobaugifzoyb.supabase.co/rest/v1/orders?select=created_at%2Ctotal_amount%2Cstatus%2Corder_type&company_id=eq.00000000-0000-0000-0000-000000000001&created_at=gte.2026-07-29T22%3A00%3A00.000Z:0
[ 2580131ms] [ERROR] Failed to load resource: net::ERR_NAME_NOT_RESOLVED @ https://zqubwvhstobaugifzoyb.supabase.co/rest/v1/orders?select=id%2Ccreated_at%2Cstatus%2Ctotal_amount%2Ccustomer_name%2Cdecline_reason_preset%2Cdecline_reason_note&company_id=eq.00000000-0000-0000-0000-000000000001&status=in.%28pending%2Cpreparing%2Cready%2Ccancelled%29&order=created_at.desc&limit=12:0
[ 2580131ms] [ERROR] Failed to load resource: net::ERR_NAME_NOT_RESOLVED @ https://zqubwvhstobaugifzoyb.supabase.co/rest/v1/orders?select=*%2Corder_items%28*%2Cproduct%3Aproducts%28*%29%29&company_id=eq.00000000-0000-0000-0000-000000000001&order=created_at.asc&status=in.%28pending%2Cpreparing%2Cready%29:0
[ 2580131ms] [ERROR] Kitchen orders fetch error: {message: TypeError: Failed to fetch, details: TypeError: Failed to fetch
    at http://localhost…lse&lazy=true&transform.routerRoot=app:150369:13), hint: , code: } @ http://localhost:8081/node_modules/expo-router/entry.bundle?platform=web&dev=true&hot=false&lazy=true&transform.routerRoot=app:901
[ 2580132ms] [ERROR] Failed to load resource: net::ERR_NAME_NOT_RESOLVED @ https://zqubwvhstobaugifzoyb.supabase.co/rest/v1/orders?select=id%2Ctotal_amount&company_id=eq.00000000-0000-0000-0000-000000000001&created_at=gte.2026-09-01T22%3A00%3A00.000Z:0
[ 2580132ms] [ERROR] Failed to load resource: net::ERR_NAME_NOT_RESOLVED @ https://zqubwvhstobaugifzoyb.supabase.co/rest/v1/orders?select=id&company_id=eq.00000000-0000-0000-0000-000000000001&status=in.%28pending%2Cpreparing%29:0
[ 2580132ms] [ERROR] Failed to load resource: net::ERR_NAME_NOT_RESOLVED @ https://zqubwvhstobaugifzoyb.supabase.co/rest/v1/products?select=id&company_id=eq.00000000-0000-0000-0000-000000000001&active=eq.true:0
[ 2580132ms] [ERROR] Failed to load resource: net::ERR_NAME_NOT_RESOLVED @ https://zqubwvhstobaugifzoyb.supabase.co/rest/v1/orders?select=created_at%2Cstatus&company_id=eq.00000000-0000-0000-0000-000000000001&created_at=gte.2026-08-26T22%3A00%3A00.000Z:0
[ 2580191ms] [ERROR] Failed to load resource: net::ERR_NAME_NOT_RESOLVED @ https://zqubwvhstobaugifzoyb.supabase.co/rest/v1/orders?select=created_at%2Ctotal_amount%2Cstatus%2Corder_type&company_id=eq.00000000-0000-0000-0000-000000000001&created_at=gte.2026-07-29T22%3A00%3A00.000Z:0
[ 2581286ms] [ERROR] Failed to load resource: net::ERR_NAME_NOT_RESOLVED @ https://zqubwvhstobaugifzoyb.supabase.co/rest/v1/orders?select=id%2Cdisplay_code%2Ccustomer_name%2Ccustomer_phone%2Ctotal_amount%2Corder_type%2Cdelivery_address%2Ctable_number%2Ccreated_at&company_id=eq.00000000-0000-0000-0000-000000000001&status=eq.pending&order=created_at.asc&limit=20:0
[ 2581286ms] [ERROR] [OrderNotification] pending fetch failed: {message: TypeError: Failed to fetch, details: TypeError: Failed to fetch
    at http://localhost…alse&lazy=true&transform.routerRoot=app:203393:26, hint: , code: } @ http://localhost:8081/node_modules/expo-router/entry.bundle?platform=web&dev=true&hot=false&lazy=true&transform.routerRoot=app:901
[ 2589423ms] [ERROR] Failed to load resource: net::ERR_NAME_NOT_RESOLVED @ https://zqubwvhstobaugifzoyb.supabase.co/rest/v1/orders?select=id%2Ccreated_at%2Cstatus%2Ctotal_amount%2Ccustomer_name%2Cdecline_reason_preset%2Cdecline_reason_note&company_id=eq.00000000-0000-0000-0000-000000000001&status=in.%28pending%2Cpreparing%2Cready%2Ccancelled%29&order=created_at.desc&limit=12:0
[ 2589423ms] [ERROR] Failed to load resource: net::ERR_NAME_NOT_RESOLVED @ https://zqubwvhstobaugifzoyb.supabase.co/rest/v1/orders?select=*%2Corder_items%28*%2Cproduct%3Aproducts%28*%29%29&company_id=eq.00000000-0000-0000-0000-000000000001&order=created_at.asc&status=in.%28pending%2Cpreparing%2Cready%29:0
[ 2589423ms] [ERROR] Kitchen orders fetch error: {message: TypeError: Failed to fetch, details: TypeError: Failed to fetch
    at http://localhost…lse&lazy=true&transform.routerRoot=app:150369:13), hint: , code: } @ http://localhost:8081/node_modules/expo-router/entry.bundle?platform=web&dev=true&hot=false&lazy=true&transform.routerRoot=app:901
[ 2589424ms] [ERROR] Failed to load resource: net::ERR_NAME_NOT_RESOLVED @ https://zqubwvhstobaugifzoyb.supabase.co/rest/v1/orders?select=id%2Ctotal_amount&company_id=eq.00000000-0000-0000-0000-000000000001&created_at=gte.2026-09-01T22%3A00%3A00.000Z:0
[ 2589424ms] [ERROR] Failed to load resource: net::ERR_NAME_NOT_RESOLVED @ https://zqubwvhstobaugifzoyb.supabase.co/rest/v1/orders?select=id&company_id=eq.00000000-0000-0000-0000-000000000001&status=in.%28pending%2Cpreparing%29:0
[ 2589424ms] [ERROR] Failed to load resource: net::ERR_NAME_NOT_RESOLVED @ https://zqubwvhstobaugifzoyb.supabase.co/rest/v1/products?select=id&company_id=eq.00000000-0000-0000-0000-000000000001&active=eq.true:0
[ 2589424ms] [ERROR] Failed to load resource: net::ERR_NAME_NOT_RESOLVED @ https://zqubwvhstobaugifzoyb.supabase.co/rest/v1/orders?select=created_at%2Cstatus&company_id=eq.00000000-0000-0000-0000-000000000001&created_at=gte.2026-08-26T22%3A00%3A00.000Z:0
[ 2589426ms] [ERROR] WebSocket connection to 'wss://zqubwvhstobaugifzoyb.supabase.co/realtime/v1/websocket?apikey=eyJhbGciOiJIUzI1NiIsInR5cCI6IkpXVCJ9.eyJpc3MiOiJzdXBhYmFzZSIsInJlZiI6InpxdWJ3dmhzdG9iYXVnaWZ6b3liIiwicm9sZSI6ImFub24iLCJpYXQiOjE3Njg0MDg3OTksImV4cCI6MjA4Mzk4NDc5OX0.IWQDg4CNo8UHVMkFhXVkDG1O1IxoADpMX938kapr-SE&vsn=1.0.0' failed: Error in connection establishment: net::ERR_NAME_NOT_RESOLVED @ http://localhost:8081/node_modules/expo-router/entry.bundle?platform=web&dev=true&hot=false&lazy=true&transform.routerRoot=app:99787
[ 2594748ms] [ERROR] Failed to load resource: net::ERR_NAME_NOT_RESOLVED @ https://zqubwvhstobaugifzoyb.supabase.co/rest/v1/orders?select=created_at%2Ctotal_amount%2Cstatus%2Corder_type&company_id=eq.00000000-0000-0000-0000-000000000001&created_at=gte.2026-07-29T22%3A00%3A00.000Z:0
[ 2594748ms] [ERROR] Failed to load resource: net::ERR_NAME_NOT_RESOLVED @ https://zqubwvhstobaugifzoyb.supabase.co/rest/v1/orders?select=id%2Cdisplay_code%2Ccustomer_name%2Ccustomer_phone%2Ctotal_amount%2Corder_type%2Cdelivery_address%2Ctable_number%2Ccreated_at&company_id=eq.00000000-0000-0000-0000-000000000001&status=eq.pending&order=created_at.asc&limit=20:0
[ 2594748ms] [ERROR] [OrderNotification] pending fetch failed: {message: TypeError: Failed to fetch, details: TypeError: Failed to fetch
    at http://localhost…alse&lazy=true&transform.routerRoot=app:203393:26, hint: , code: } @ http://localhost:8081/node_modules/expo-router/entry.bundle?platform=web&dev=true&hot=false&lazy=true&transform.routerRoot=app:901
[ 2594934ms] [ERROR] Failed to load resource: net::ERR_NAME_NOT_RESOLVED @ https://zqubwvhstobaugifzoyb.supabase.co/rest/v1/orders?select=id%2Cdisplay_code%2Ccustomer_name%2Ccustomer_phone%2Ctotal_amount%2Corder_type%2Cdelivery_address%2Ctable_number%2Ccreated_at&company_id=eq.00000000-0000-0000-0000-000000000001&status=eq.pending&order=created_at.asc&limit=20:0
[ 2594934ms] [ERROR] [OrderNotification] pending fetch failed: {message: TypeError: Failed to fetch, details: TypeError: Failed to fetch
    at http://localhost…alse&lazy=true&transform.routerRoot=app:203393:26, hint: , code: } @ http://localhost:8081/node_modules/expo-router/entry.bundle?platform=web&dev=true&hot=false&lazy=true&transform.routerRoot=app:901
[ 2595071ms] [ERROR] Failed to load resource: net::ERR_NAME_NOT_RESOLVED @ https://zqubwvhstobaugifzoyb.supabase.co/rest/v1/orders?select=id%2Cdisplay_code%2Ccustomer_name%2Ccustomer_phone%2Ctotal_amount%2Corder_type%2Cdelivery_address%2Ctable_number%2Ccreated_at&company_id=eq.00000000-0000-0000-0000-000000000001&status=eq.pending&order=created_at.asc&limit=20:0
[ 2595071ms] [ERROR] [OrderNotification] pending fetch failed: {message: TypeError: Failed to fetch, details: TypeError: Failed to fetch
    at http://localhost…alse&lazy=true&transform.routerRoot=app:203393:26, hint: , code: } @ http://localhost:8081/node_modules/expo-router/entry.bundle?platform=web&dev=true&hot=false&lazy=true&transform.routerRoot=app:901
[ 2595221ms] [ERROR] Failed to load resource: net::ERR_NAME_NOT_RESOLVED @ https://zqubwvhstobaugifzoyb.supabase.co/rest/v1/orders?select=id%2Cdisplay_code%2Ccustomer_name%2Ccustomer_phone%2Ctotal_amount%2Corder_type%2Cdelivery_address%2Ctable_number%2Ccreated_at&company_id=eq.00000000-0000-0000-0000-000000000001&status=eq.pending&order=created_at.asc&limit=20:0
[ 2595221ms] [ERROR] [OrderNotification] pending fetch failed: {message: TypeError: Failed to fetch, details: TypeError: Failed to fetch
    at http://localhost…alse&lazy=true&transform.routerRoot=app:203393:26, hint: , code: } @ http://localhost:8081/node_modules/expo-router/entry.bundle?platform=web&dev=true&hot=false&lazy=true&transform.routerRoot=app:901
[ 2599475ms] [ERROR] WebSocket connection to 'wss://zqubwvhstobaugifzoyb.supabase.co/realtime/v1/websocket?apikey=eyJhbGciOiJIUzI1NiIsInR5cCI6IkpXVCJ9.eyJpc3MiOiJzdXBhYmFzZSIsInJlZiI6InpxdWJ3dmhzdG9iYXVnaWZ6b3liIiwicm9sZSI6ImFub24iLCJpYXQiOjE3Njg0MDg3OTksImV4cCI6MjA4Mzk4NDc5OX0.IWQDg4CNo8UHVMkFhXVkDG1O1IxoADpMX938kapr-SE&vsn=1.0.0' failed: Error in connection establishment: net::ERR_NAME_NOT_RESOLVED @ http://localhost:8081/node_modules/expo-router/entry.bundle?platform=web&dev=true&hot=false&lazy=true&transform.routerRoot=app:99787
[ 2599537ms] [ERROR] Failed to load resource: net::ERR_NAME_NOT_RESOLVED @ https://zqubwvhstobaugifzoyb.supabase.co/rest/v1/orders?select=id%2Ccreated_at%2Cstatus%2Ctotal_amount%2Ccustomer_name%2Cdecline_reason_preset%2Cdecline_reason_note&company_id=eq.00000000-0000-0000-0000-000000000001&status=in.%28pending%2Cpreparing%2Cready%2Ccancelled%29&order=created_at.desc&limit=12:0
[ 2599538ms] [ERROR] Failed to load resource: net::ERR_NAME_NOT_RESOLVED @ https://zqubwvhstobaugifzoyb.supabase.co/rest/v1/orders?select=*%2Corder_items%28*%2Cproduct%3Aproducts%28*%29%29&company_id=eq.00000000-0000-0000-0000-000000000001&order=created_at.asc&status=in.%28pending%2Cpreparing%2Cready%29:0
[ 2599538ms] [ERROR] Kitchen orders fetch error: {message: TypeError: Failed to fetch, details: TypeError: Failed to fetch
    at http://localhost…lse&lazy=true&transform.routerRoot=app:150369:13), hint: , code: } @ http://localhost:8081/node_modules/expo-router/entry.bundle?platform=web&dev=true&hot=false&lazy=true&transform.routerRoot=app:901
[ 2599613ms] [ERROR] Failed to load resource: net::ERR_NAME_NOT_RESOLVED @ https://zqubwvhstobaugifzoyb.supabase.co/rest/v1/orders?select=id%2Cdisplay_code%2Ccustomer_name%2Ccustomer_phone%2Ctotal_amount%2Corder_type%2Cdelivery_address%2Ctable_number%2Ccreated_at&company_id=eq.00000000-0000-0000-0000-000000000001&status=eq.pending&order=created_at.asc&limit=20:0
[ 2599613ms] [ERROR] [OrderNotification] pending fetch failed: {message: TypeError: Failed to fetch, details: TypeError: Failed to fetch
    at http://localhost…alse&lazy=true&transform.routerRoot=app:203393:26, hint: , code: } @ http://localhost:8081/node_modules/expo-router/entry.bundle?platform=web&dev=true&hot=false&lazy=true&transform.routerRoot=app:901
[ 2599800ms] [ERROR] Failed to load resource: net::ERR_NAME_NOT_RESOLVED @ https://zqubwvhstobaugifzoyb.supabase.co/rest/v1/orders?select=id%2Cdisplay_code%2Ccustomer_name%2Ccustomer_phone%2Ctotal_amount%2Corder_type%2Cdelivery_address%2Ctable_number%2Ccreated_at&company_id=eq.00000000-0000-0000-0000-000000000001&status=eq.pending&order=created_at.asc&limit=20:0
[ 2599800ms] [ERROR] [OrderNotification] pending fetch failed: {message: TypeError: Failed to fetch, details: TypeError: Failed to fetch
    at http://localhost…alse&lazy=true&transform.routerRoot=app:203393:26, hint: , code: } @ http://localhost:8081/node_modules/expo-router/entry.bundle?platform=web&dev=true&hot=false&lazy=true&transform.routerRoot=app:901
[ 2600704ms] [ERROR] Failed to load resource: net::ERR_NAME_NOT_RESOLVED @ https://zqubwvhstobaugifzoyb.supabase.co/rest/v1/orders?select=id%2Ccreated_at%2Cstatus%2Ctotal_amount%2Ccustomer_name%2Cdecline_reason_preset%2Cdecline_reason_note&company_id=eq.00000000-0000-0000-0000-000000000001&status=in.%28pending%2Cpreparing%2Cready%2Ccancelled%29&order=created_at.desc&limit=12:0
[ 2600704ms] [ERROR] Failed to load resource: net::ERR_NAME_NOT_RESOLVED @ https://zqubwvhstobaugifzoyb.supabase.co/rest/v1/orders?select=*%2Corder_items%28*%2Cproduct%3Aproducts%28*%29%29&company_id=eq.00000000-0000-0000-0000-000000000001&order=created_at.asc&status=in.%28pending%2Cpreparing%2Cready%29:0
[ 2600704ms] [ERROR] Kitchen orders fetch error: {message: TypeError: Failed to fetch, details: TypeError: Failed to fetch
    at http://localhost…lse&lazy=true&transform.routerRoot=app:150369:13), hint: , code: } @ http://localhost:8081/node_modules/expo-router/entry.bundle?platform=web&dev=true&hot=false&lazy=true&transform.routerRoot=app:901
[ 2601318ms] [ERROR] Failed to load resource: net::ERR_NAME_NOT_RESOLVED @ https://zqubwvhstobaugifzoyb.supabase.co/rest/v1/orders?select=id%2Cdisplay_code%2Ccustomer_name%2Ccustomer_phone%2Ctotal_amount%2Corder_type%2Cdelivery_address%2Ctable_number%2Ccreated_at&company_id=eq.00000000-0000-0000-0000-000000000001&status=eq.pending&order=created_at.asc&limit=20:0
[ 2601318ms] [ERROR] [OrderNotification] pending fetch failed: {message: TypeError: Failed to fetch, details: TypeError: Failed to fetch
    at http://localhost…alse&lazy=true&transform.routerRoot=app:203393:26, hint: , code: } @ http://localhost:8081/node_modules/expo-router/entry.bundle?platform=web&dev=true&hot=false&lazy=true&transform.routerRoot=app:901
[ 2602855ms] [ERROR] Failed to load resource: net::ERR_NAME_NOT_RESOLVED @ https://zqubwvhstobaugifzoyb.supabase.co/rest/v1/orders?select=id%2Ccreated_at%2Cstatus%2Ctotal_amount%2Ccustomer_name%2Cdecline_reason_preset%2Cdecline_reason_note&company_id=eq.00000000-0000-0000-0000-000000000001&status=in.%28pending%2Cpreparing%2Cready%2Ccancelled%29&order=created_at.desc&limit=12:0
[ 2602856ms] [ERROR] Failed to load resource: net::ERR_NAME_NOT_RESOLVED @ https://zqubwvhstobaugifzoyb.supabase.co/rest/v1/orders?select=*%2Corder_items%28*%2Cproduct%3Aproducts%28*%29%29&company_id=eq.00000000-0000-0000-0000-000000000001&order=created_at.asc&status=in.%28pending%2Cpreparing%2Cready%29:0
[ 2602856ms] [ERROR] Kitchen orders fetch error: {message: TypeError: Failed to fetch, details: TypeError: Failed to fetch
    at http://localhost…lse&lazy=true&transform.routerRoot=app:150369:13), hint: , code: } @ http://localhost:8081/node_modules/expo-router/entry.bundle?platform=web&dev=true&hot=false&lazy=true&transform.routerRoot=app:901
[ 2605008ms] [ERROR] Failed to load resource: net::ERR_NAME_NOT_RESOLVED @ https://zqubwvhstobaugifzoyb.supabase.co/rest/v1/orders?select=id%2Ctotal_amount&company_id=eq.00000000-0000-0000-0000-000000000001&created_at=gte.2026-09-01T22%3A00%3A00.000Z:0
[ 2605008ms] [ERROR] Failed to load resource: net::ERR_NAME_NOT_RESOLVED @ https://zqubwvhstobaugifzoyb.supabase.co/rest/v1/orders?select=id&company_id=eq.00000000-0000-0000-0000-000000000001&status=in.%28pending%2Cpreparing%29:0
[ 2605008ms] [ERROR] Failed to load resource: net::ERR_NAME_NOT_RESOLVED @ https://zqubwvhstobaugifzoyb.supabase.co/rest/v1/products?select=id&company_id=eq.00000000-0000-0000-0000-000000000001&active=eq.true:0
[ 2605008ms] [ERROR] Failed to load resource: net::ERR_NAME_NOT_RESOLVED @ https://zqubwvhstobaugifzoyb.supabase.co/rest/v1/orders?select=created_at%2Cstatus&company_id=eq.00000000-0000-0000-0000-000000000001&created_at=gte.2026-08-26T22%3A00%3A00.000Z:0
[ 2605008ms] [ERROR] Failed to load resource: net::ERR_NAME_NOT_RESOLVED @ https://zqubwvhstobaugifzoyb.supabase.co/rest/v1/orders?select=created_at%2Ctotal_amount%2Cstatus%2Corder_type&company_id=eq.00000000-0000-0000-0000-000000000001&created_at=gte.2026-07-29T22%3A00%3A00.000Z:0
[ 2605086ms] [ERROR] Failed to load resource: net::ERR_NAME_NOT_RESOLVED @ https://zqubwvhstobaugifzoyb.supabase.co/rest/v1/orders?select=*%2Corder_items%28*%2Cproduct%3Aproducts%28*%29%29&company_id=eq.00000000-0000-0000-0000-000000000001&order=created_at.desc&limit=100:0
[ 2605086ms] [ERROR] Admin orders fetch error: {message: TypeError: Failed to fetch, details: TypeError: Failed to fetch
    at http://localhost…lse&lazy=true&transform.routerRoot=app:202542:13), hint: , code: } @ http://localhost:8081/node_modules/expo-router/entry.bundle?platform=web&dev=true&hot=false&lazy=true&transform.routerRoot=app:901
[ 2606206ms] [ERROR] Failed to load resource: net::ERR_NAME_NOT_RESOLVED @ https://zqubwvhstobaugifzoyb.supabase.co/rest/v1/orders?select=created_at%2Cstatus&company_id=eq.00000000-0000-0000-0000-000000000001&created_at=gte.2026-08-26T22%3A00%3A00.000Z:0
[ 2606206ms] [ERROR] Failed to load resource: net::ERR_NAME_NOT_RESOLVED @ https://zqubwvhstobaugifzoyb.supabase.co/rest/v1/products?select=id&company_id=eq.00000000-0000-0000-0000-000000000001&active=eq.true:0
[ 2606206ms] [ERROR] Failed to load resource: net::ERR_NAME_NOT_RESOLVED @ https://zqubwvhstobaugifzoyb.supabase.co/rest/v1/orders?select=id&company_id=eq.00000000-0000-0000-0000-000000000001&status=in.%28pending%2Cpreparing%29:0
[ 2606206ms] [ERROR] Failed to load resource: net::ERR_NAME_NOT_RESOLVED @ https://zqubwvhstobaugifzoyb.supabase.co/rest/v1/orders?select=id%2Ctotal_amount&company_id=eq.00000000-0000-0000-0000-000000000001&created_at=gte.2026-09-01T22%3A00%3A00.000Z:0
[ 2606206ms] [ERROR] Failed to load resource: net::ERR_NAME_NOT_RESOLVED @ https://zqubwvhstobaugifzoyb.supabase.co/rest/v1/orders?select=created_at%2Ctotal_amount%2Cstatus%2Corder_type&company_id=eq.00000000-0000-0000-0000-000000000001&created_at=gte.2026-07-29T22%3A00%3A00.000Z:0
[ 2606207ms] [ERROR] Failed to load resource: net::ERR_NAME_NOT_RESOLVED @ https://zqubwvhstobaugifzoyb.supabase.co/rest/v1/orders?select=*%2Corder_items%28*%2Cproduct%3Aproducts%28*%29%29&company_id=eq.00000000-0000-0000-0000-000000000001&order=created_at.desc&limit=100:0
[ 2606207ms] [ERROR] Admin orders fetch error: {message: TypeError: Failed to fetch, details: TypeError: Failed to fetch
    at http://localhost…lse&lazy=true&transform.routerRoot=app:202542:13), hint: , code: } @ http://localhost:8081/node_modules/expo-router/entry.bundle?platform=web&dev=true&hot=false&lazy=true&transform.routerRoot=app:901
[ 2607055ms] [ERROR] Failed to load resource: net::ERR_NAME_NOT_RESOLVED @ https://zqubwvhstobaugifzoyb.supabase.co/rest/v1/orders?select=id%2Ccreated_at%2Cstatus%2Ctotal_amount%2Ccustomer_name%2Cdecline_reason_preset%2Cdecline_reason_note&company_id=eq.00000000-0000-0000-0000-000000000001&status=in.%28pending%2Cpreparing%2Cready%2Ccancelled%29&order=created_at.desc&limit=12:0
[ 2607055ms] [ERROR] Failed to load resource: net::ERR_NAME_NOT_RESOLVED @ https://zqubwvhstobaugifzoyb.supabase.co/rest/v1/orders?select=*%2Corder_items%28*%2Cproduct%3Aproducts%28*%29%29&company_id=eq.00000000-0000-0000-0000-000000000001&order=created_at.asc&status=in.%28pending%2Cpreparing%2Cready%29:0
[ 2607055ms] [ERROR] Kitchen orders fetch error: {message: TypeError: Failed to fetch, details: TypeError: Failed to fetch
    at http://localhost…lse&lazy=true&transform.routerRoot=app:150369:13), hint: , code: } @ http://localhost:8081/node_modules/expo-router/entry.bundle?platform=web&dev=true&hot=false&lazy=true&transform.routerRoot=app:901
[ 2608346ms] [ERROR] Failed to load resource: net::ERR_NAME_NOT_RESOLVED @ https://zqubwvhstobaugifzoyb.supabase.co/rest/v1/orders?select=id&company_id=eq.00000000-0000-0000-0000-000000000001&status=in.%28pending%2Cpreparing%29:0
[ 2608346ms] [ERROR] Failed to load resource: net::ERR_NAME_NOT_RESOLVED @ https://zqubwvhstobaugifzoyb.supabase.co/rest/v1/products?select=id&company_id=eq.00000000-0000-0000-0000-000000000001&active=eq.true:0
[ 2608346ms] [ERROR] Failed to load resource: net::ERR_NAME_NOT_RESOLVED @ https://zqubwvhstobaugifzoyb.supabase.co/rest/v1/orders?select=id%2Ctotal_amount&company_id=eq.00000000-0000-0000-0000-000000000001&created_at=gte.2026-09-01T22%3A00%3A00.000Z:0
[ 2608346ms] [ERROR] Failed to load resource: net::ERR_NAME_NOT_RESOLVED @ https://zqubwvhstobaugifzoyb.supabase.co/rest/v1/orders?select=created_at%2Cstatus&company_id=eq.00000000-0000-0000-0000-000000000001&created_at=gte.2026-08-26T22%3A00%3A00.000Z:0
[ 2608346ms] [ERROR] Failed to load resource: net::ERR_NAME_NOT_RESOLVED @ https://zqubwvhstobaugifzoyb.supabase.co/rest/v1/orders?select=created_at%2Ctotal_amount%2Cstatus%2Corder_type&company_id=eq.00000000-0000-0000-0000-000000000001&created_at=gte.2026-07-29T22%3A00%3A00.000Z:0
[ 2608347ms] [ERROR] Failed to load resource: net::ERR_NAME_NOT_RESOLVED @ https://zqubwvhstobaugifzoyb.supabase.co/rest/v1/orders?select=*%2Corder_items%28*%2Cproduct%3Aproducts%28*%29%29&company_id=eq.00000000-0000-0000-0000-000000000001&order=created_at.desc&limit=100:0
[ 2608347ms] [ERROR] Admin orders fetch error: {message: TypeError: Failed to fetch, details: TypeError: Failed to fetch
    at http://localhost…lse&lazy=true&transform.routerRoot=app:202542:13), hint: , code: } @ http://localhost:8081/node_modules/expo-router/entry.bundle?platform=web&dev=true&hot=false&lazy=true&transform.routerRoot=app:901
[ 2609606ms] [ERROR] WebSocket connection to 'wss://zqubwvhstobaugifzoyb.supabase.co/realtime/v1/websocket?apikey=eyJhbGciOiJIUzI1NiIsInR5cCI6IkpXVCJ9.eyJpc3MiOiJzdXBhYmFzZSIsInJlZiI6InpxdWJ3dmhzdG9iYXVnaWZ6b3liIiwicm9sZSI6ImFub24iLCJpYXQiOjE3Njg0MDg3OTksImV4cCI6MjA4Mzk4NDc5OX0.IWQDg4CNo8UHVMkFhXVkDG1O1IxoADpMX938kapr-SE&vsn=1.0.0' failed: Error in connection establishment: net::ERR_NAME_NOT_RESOLVED @ http://localhost:8081/node_modules/expo-router/entry.bundle?platform=web&dev=true&hot=false&lazy=true&transform.routerRoot=app:99787
[ 2609778ms] [ERROR] Failed to load resource: net::ERR_NAME_NOT_RESOLVED @ https://zqubwvhstobaugifzoyb.supabase.co/rest/v1/orders?select=id%2Cdisplay_code%2Ccustomer_name%2Ccustomer_phone%2Ctotal_amount%2Corder_type%2Cdelivery_address%2Ctable_number%2Ccreated_at&company_id=eq.00000000-0000-0000-0000-000000000001&status=eq.pending&order=created_at.asc&limit=20:0
[ 2609778ms] [ERROR] [OrderNotification] pending fetch failed: {message: TypeError: Failed to fetch, details: TypeError: Failed to fetch
    at http://localhost…alse&lazy=true&transform.routerRoot=app:203393:26, hint: , code: } @ http://localhost:8081/node_modules/expo-router/entry.bundle?platform=web&dev=true&hot=false&lazy=true&transform.routerRoot=app:901
[ 2609928ms] [ERROR] Failed to load resource: net::ERR_NAME_NOT_RESOLVED @ https://zqubwvhstobaugifzoyb.supabase.co/rest/v1/orders?select=id%2Cdisplay_code%2Ccustomer_name%2Ccustomer_phone%2Ctotal_amount%2Corder_type%2Cdelivery_address%2Ctable_number%2Ccreated_at&company_id=eq.00000000-0000-0000-0000-000000000001&status=eq.pending&order=created_at.asc&limit=20:0
[ 2609928ms] [ERROR] [OrderNotification] pending fetch failed: {message: TypeError: Failed to fetch, details: TypeError: Failed to fetch
    at http://localhost…alse&lazy=true&transform.routerRoot=app:203393:26, hint: , code: } @ http://localhost:8081/node_modules/expo-router/entry.bundle?platform=web&dev=true&hot=false&lazy=true&transform.routerRoot=app:901
[ 2611442ms] [ERROR] Failed to load resource: net::ERR_NAME_NOT_RESOLVED @ https://zqubwvhstobaugifzoyb.supabase.co/rest/v1/orders?select=id%2Cdisplay_code%2Ccustomer_name%2Ccustomer_phone%2Ctotal_amount%2Corder_type%2Cdelivery_address%2Ctable_number%2Ccreated_at&company_id=eq.00000000-0000-0000-0000-000000000001&status=eq.pending&order=created_at.asc&limit=20:0
[ 2611442ms] [ERROR] [OrderNotification] pending fetch failed: {message: TypeError: Failed to fetch, details: TypeError: Failed to fetch
    at http://localhost…alse&lazy=true&transform.routerRoot=app:203393:26, hint: , code: } @ http://localhost:8081/node_modules/expo-router/entry.bundle?platform=web&dev=true&hot=false&lazy=true&transform.routerRoot=app:901
[ 2612476ms] [ERROR] Failed to load resource: net::ERR_NAME_NOT_RESOLVED @ https://zqubwvhstobaugifzoyb.supabase.co/rest/v1/orders?select=id%2Ctotal_amount&company_id=eq.00000000-0000-0000-0000-000000000001&created_at=gte.2026-09-01T22%3A00%3A00.000Z:0
[ 2612476ms] [ERROR] Failed to load resource: net::ERR_NAME_NOT_RESOLVED @ https://zqubwvhstobaugifzoyb.supabase.co/rest/v1/orders?select=id&company_id=eq.00000000-0000-0000-0000-000000000001&status=in.%28pending%2Cpreparing%29:0
[ 2612476ms] [ERROR] Failed to load resource: net::ERR_NAME_NOT_RESOLVED @ https://zqubwvhstobaugifzoyb.supabase.co/rest/v1/products?select=id&company_id=eq.00000000-0000-0000-0000-000000000001&active=eq.true:0
[ 2612476ms] [ERROR] Failed to load resource: net::ERR_NAME_NOT_RESOLVED @ https://zqubwvhstobaugifzoyb.supabase.co/rest/v1/orders?select=created_at%2Cstatus&company_id=eq.00000000-0000-0000-0000-000000000001&created_at=gte.2026-08-26T22%3A00%3A00.000Z:0
[ 2612476ms] [ERROR] Failed to load resource: net::ERR_NAME_NOT_RESOLVED @ https://zqubwvhstobaugifzoyb.supabase.co/rest/v1/orders?select=created_at%2Ctotal_amount%2Cstatus%2Corder_type&company_id=eq.00000000-0000-0000-0000-000000000001&created_at=gte.2026-07-29T22%3A00%3A00.000Z:0
[ 2612477ms] [ERROR] Failed to load resource: net::ERR_NAME_NOT_RESOLVED @ https://zqubwvhstobaugifzoyb.supabase.co/rest/v1/orders?select=*%2Corder_items%28*%2Cproduct%3Aproducts%28*%29%29&company_id=eq.00000000-0000-0000-0000-000000000001&order=created_at.desc&limit=100:0
[ 2612477ms] [ERROR] Admin orders fetch error: {message: TypeError: Failed to fetch, details: TypeError: Failed to fetch
    at http://localhost…lse&lazy=true&transform.routerRoot=app:202542:13), hint: , code: } @ http://localhost:8081/node_modules/expo-router/entry.bundle?platform=web&dev=true&hot=false&lazy=true&transform.routerRoot=app:901
[ 2617244ms] [ERROR] Failed to load resource: net::ERR_NAME_NOT_RESOLVED @ https://zqubwvhstobaugifzoyb.supabase.co/rest/v1/orders?select=id%2Ccreated_at%2Cstatus%2Ctotal_amount%2Ccustomer_name%2Cdecline_reason_preset%2Cdecline_reason_note&company_id=eq.00000000-0000-0000-0000-000000000001&status=in.%28pending%2Cpreparing%2Cready%2Ccancelled%29&order=created_at.desc&limit=12:0
[ 2617245ms] [ERROR] Failed to load resource: net::ERR_NAME_NOT_RESOLVED @ https://zqubwvhstobaugifzoyb.supabase.co/rest/v1/orders?select=*%2Corder_items%28*%2Cproduct%3Aproducts%28*%29%29&company_id=eq.00000000-0000-0000-0000-000000000001&order=created_at.asc&status=in.%28pending%2Cpreparing%2Cready%29:0
[ 2617245ms] [ERROR] Kitchen orders fetch error: {message: TypeError: Failed to fetch, details: TypeError: Failed to fetch
    at http://localhost…lse&lazy=true&transform.routerRoot=app:150369:13), hint: , code: } @ http://localhost:8081/node_modules/expo-router/entry.bundle?platform=web&dev=true&hot=false&lazy=true&transform.routerRoot=app:901
[ 2618408ms] [ERROR] Failed to load resource: net::ERR_NAME_NOT_RESOLVED @ https://zqubwvhstobaugifzoyb.supabase.co/rest/v1/orders?select=id%2Ccreated_at%2Cstatus%2Ctotal_amount%2Ccustomer_name%2Cdecline_reason_preset%2Cdecline_reason_note&company_id=eq.00000000-0000-0000-0000-000000000001&status=in.%28pending%2Cpreparing%2Cready%2Ccancelled%29&order=created_at.desc&limit=12:0
[ 2618408ms] [ERROR] Failed to load resource: net::ERR_NAME_NOT_RESOLVED @ https://zqubwvhstobaugifzoyb.supabase.co/rest/v1/orders?select=*%2Corder_items%28*%2Cproduct%3Aproducts%28*%29%29&company_id=eq.00000000-0000-0000-0000-000000000001&order=created_at.asc&status=in.%28pending%2Cpreparing%2Cready%29:0
[ 2618408ms] [ERROR] Kitchen orders fetch error: {message: TypeError: Failed to fetch, details: TypeError: Failed to fetch
    at http://localhost…lse&lazy=true&transform.routerRoot=app:150369:13), hint: , code: } @ http://localhost:8081/node_modules/expo-router/entry.bundle?platform=web&dev=true&hot=false&lazy=true&transform.routerRoot=app:901
[ 2619828ms] [ERROR] WebSocket connection to 'wss://zqubwvhstobaugifzoyb.supabase.co/realtime/v1/websocket?apikey=eyJhbGciOiJIUzI1NiIsInR5cCI6IkpXVCJ9.eyJpc3MiOiJzdXBhYmFzZSIsInJlZiI6InpxdWJ3dmhzdG9iYXVnaWZ6b3liIiwicm9sZSI6ImFub24iLCJpYXQiOjE3Njg0MDg3OTksImV4cCI6MjA4Mzk4NDc5OX0.IWQDg4CNo8UHVMkFhXVkDG1O1IxoADpMX938kapr-SE&vsn=1.0.0' failed: Error in connection establishment: net::ERR_NAME_NOT_RESOLVED @ http://localhost:8081/node_modules/expo-router/entry.bundle?platform=web&dev=true&hot=false&lazy=true&transform.routerRoot=app:99787
[ 2619999ms] [ERROR] Failed to load resource: net::ERR_NAME_NOT_RESOLVED @ https://zqubwvhstobaugifzoyb.supabase.co/rest/v1/orders?select=id%2Cdisplay_code%2Ccustomer_name%2Ccustomer_phone%2Ctotal_amount%2Corder_type%2Cdelivery_address%2Ctable_number%2Ccreated_at&company_id=eq.00000000-0000-0000-0000-000000000001&status=eq.pending&order=created_at.asc&limit=20:0
[ 2619999ms] [ERROR] [OrderNotification] pending fetch failed: {message: TypeError: Failed to fetch, details: TypeError: Failed to fetch
    at http://localhost…alse&lazy=true&transform.routerRoot=app:203393:26, hint: , code: } @ http://localhost:8081/node_modules/expo-router/entry.bundle?platform=web&dev=true&hot=false&lazy=true&transform.routerRoot=app:901
[ 2620153ms] [ERROR] Failed to load resource: net::ERR_NAME_NOT_RESOLVED @ https://zqubwvhstobaugifzoyb.supabase.co/rest/v1/orders?select=id%2Cdisplay_code%2Ccustomer_name%2Ccustomer_phone%2Ctotal_amount%2Corder_type%2Cdelivery_address%2Ctable_number%2Ccreated_at&company_id=eq.00000000-0000-0000-0000-000000000001&status=eq.pending&order=created_at.asc&limit=20:0
[ 2620153ms] [ERROR] [OrderNotification] pending fetch failed: {message: TypeError: Failed to fetch, details: TypeError: Failed to fetch
    at http://localhost…alse&lazy=true&transform.routerRoot=app:203393:26, hint: , code: } @ http://localhost:8081/node_modules/expo-router/entry.bundle?platform=web&dev=true&hot=false&lazy=true&transform.routerRoot=app:901
[ 2620537ms] [ERROR] Failed to load resource: net::ERR_NAME_NOT_RESOLVED @ https://zqubwvhstobaugifzoyb.supabase.co/rest/v1/orders?select=id%2Ccreated_at%2Cstatus%2Ctotal_amount%2Ccustomer_name%2Cdecline_reason_preset%2Cdecline_reason_note&company_id=eq.00000000-0000-0000-0000-000000000001&status=in.%28pending%2Cpreparing%2Cready%2Ccancelled%29&order=created_at.desc&limit=12:0
[ 2620537ms] [ERROR] Failed to load resource: net::ERR_NAME_NOT_RESOLVED @ https://zqubwvhstobaugifzoyb.supabase.co/rest/v1/orders?select=*%2Corder_items%28*%2Cproduct%3Aproducts%28*%29%29&company_id=eq.00000000-0000-0000-0000-000000000001&order=created_at.asc&status=in.%28pending%2Cpreparing%2Cready%29:0
[ 2620537ms] [ERROR] Kitchen orders fetch error: {message: TypeError: Failed to fetch, details: TypeError: Failed to fetch
    at http://localhost…lse&lazy=true&transform.routerRoot=app:150369:13), hint: , code: } @ http://localhost:8081/node_modules/expo-router/entry.bundle?platform=web&dev=true&hot=false&lazy=true&transform.routerRoot=app:901
[ 2621295ms] [ERROR] Failed to load resource: net::ERR_NAME_NOT_RESOLVED @ https://zqubwvhstobaugifzoyb.supabase.co/rest/v1/orders?select=id%2Cdisplay_code%2Ccustomer_name%2Ccustomer_phone%2Ctotal_amount%2Corder_type%2Cdelivery_address%2Ctable_number%2Ccreated_at&company_id=eq.00000000-0000-0000-0000-000000000001&status=eq.pending&order=created_at.asc&limit=20:0
[ 2621295ms] [ERROR] [OrderNotification] pending fetch failed: {message: TypeError: Failed to fetch, details: TypeError: Failed to fetch
    at http://localhost…alse&lazy=true&transform.routerRoot=app:203393:26, hint: , code: } @ http://localhost:8081/node_modules/expo-router/entry.bundle?platform=web&dev=true&hot=false&lazy=true&transform.routerRoot=app:901
[ 2622741ms] [ERROR] Failed to load resource: net::ERR_NAME_NOT_RESOLVED @ https://zqubwvhstobaugifzoyb.supabase.co/rest/v1/orders?select=id%2Ctotal_amount&company_id=eq.00000000-0000-0000-0000-000000000001&created_at=gte.2026-09-01T22%3A00%3A00.000Z:0
[ 2622741ms] [ERROR] Failed to load resource: net::ERR_NAME_NOT_RESOLVED @ https://zqubwvhstobaugifzoyb.supabase.co/rest/v1/orders?select=id&company_id=eq.00000000-0000-0000-0000-000000000001&status=in.%28pending%2Cpreparing%29:0
[ 2622741ms] [ERROR] Failed to load resource: net::ERR_NAME_NOT_RESOLVED @ https://zqubwvhstobaugifzoyb.supabase.co/rest/v1/products?select=id&company_id=eq.00000000-0000-0000-0000-000000000001&active=eq.true:0
[ 2622741ms] [ERROR] Failed to load resource: net::ERR_NAME_NOT_RESOLVED @ https://zqubwvhstobaugifzoyb.supabase.co/rest/v1/orders?select=created_at%2Cstatus&company_id=eq.00000000-0000-0000-0000-000000000001&created_at=gte.2026-08-26T22%3A00%3A00.000Z:0
[ 2622741ms] [ERROR] Failed to load resource: net::ERR_NAME_NOT_RESOLVED @ https://zqubwvhstobaugifzoyb.supabase.co/rest/v1/orders?select=created_at%2Ctotal_amount%2Cstatus%2Corder_type&company_id=eq.00000000-0000-0000-0000-000000000001&created_at=gte.2026-07-29T22%3A00%3A00.000Z:0
[ 2624058ms] [ERROR] Failed to load resource: net::ERR_NAME_NOT_RESOLVED @ https://zqubwvhstobaugifzoyb.supabase.co/rest/v1/orders?select=id%2Ctotal_amount&company_id=eq.00000000-0000-0000-0000-000000000001&created_at=gte.2026-09-01T22%3A00%3A00.000Z:0
[ 2624058ms] [ERROR] Failed to load resource: net::ERR_NAME_NOT_RESOLVED @ https://zqubwvhstobaugifzoyb.supabase.co/rest/v1/orders?select=id&company_id=eq.00000000-0000-0000-0000-000000000001&status=in.%28pending%2Cpreparing%29:0
[ 2624058ms] [ERROR] Failed to load resource: net::ERR_NAME_NOT_RESOLVED @ https://zqubwvhstobaugifzoyb.supabase.co/rest/v1/products?select=id&company_id=eq.00000000-0000-0000-0000-000000000001&active=eq.true:0
[ 2624058ms] [ERROR] Failed to load resource: net::ERR_NAME_NOT_RESOLVED @ https://zqubwvhstobaugifzoyb.supabase.co/rest/v1/orders?select=created_at%2Cstatus&company_id=eq.00000000-0000-0000-0000-000000000001&created_at=gte.2026-08-26T22%3A00%3A00.000Z:0
[ 2624058ms] [ERROR] Failed to load resource: net::ERR_NAME_NOT_RESOLVED @ https://zqubwvhstobaugifzoyb.supabase.co/rest/v1/orders?select=created_at%2Ctotal_amount%2Cstatus%2Corder_type&company_id=eq.00000000-0000-0000-0000-000000000001&created_at=gte.2026-07-29T22%3A00%3A00.000Z:0
[ 2624684ms] [ERROR] Failed to load resource: net::ERR_NAME_NOT_RESOLVED @ https://zqubwvhstobaugifzoyb.supabase.co/rest/v1/orders?select=id%2Ccreated_at%2Cstatus%2Ctotal_amount%2Ccustomer_name%2Cdecline_reason_preset%2Cdecline_reason_note&company_id=eq.00000000-0000-0000-0000-000000000001&status=in.%28pending%2Cpreparing%2Cready%2Ccancelled%29&order=created_at.desc&limit=12:0
[ 2624685ms] [ERROR] Failed to load resource: net::ERR_NAME_NOT_RESOLVED @ https://zqubwvhstobaugifzoyb.supabase.co/rest/v1/orders?select=*%2Corder_items%28*%2Cproduct%3Aproducts%28*%29%29&company_id=eq.00000000-0000-0000-0000-000000000001&order=created_at.asc&status=in.%28pending%2Cpreparing%2Cready%29:0
[ 2624685ms] [ERROR] Kitchen orders fetch error: {message: TypeError: Failed to fetch, details: TypeError: Failed to fetch
    at http://localhost…lse&lazy=true&transform.routerRoot=app:150369:13), hint: , code: } @ http://localhost:8081/node_modules/expo-router/entry.bundle?platform=web&dev=true&hot=false&lazy=true&transform.routerRoot=app:901
[ 2626241ms] [ERROR] Failed to load resource: net::ERR_NAME_NOT_RESOLVED @ https://zqubwvhstobaugifzoyb.supabase.co/rest/v1/orders?select=id&company_id=eq.00000000-0000-0000-0000-000000000001&status=in.%28pending%2Cpreparing%29:0
[ 2626241ms] [ERROR] Failed to load resource: net::ERR_NAME_NOT_RESOLVED @ https://zqubwvhstobaugifzoyb.supabase.co/rest/v1/orders?select=created_at%2Cstatus&company_id=eq.00000000-0000-0000-0000-000000000001&created_at=gte.2026-08-26T22%3A00%3A00.000Z:0
[ 2626241ms] [ERROR] Failed to load resource: net::ERR_NAME_NOT_RESOLVED @ https://zqubwvhstobaugifzoyb.supabase.co/rest/v1/orders?select=id%2Ctotal_amount&company_id=eq.00000000-0000-0000-0000-000000000001&created_at=gte.2026-09-01T22%3A00%3A00.000Z:0
[ 2626241ms] [ERROR] Failed to load resource: net::ERR_NAME_NOT_RESOLVED @ https://zqubwvhstobaugifzoyb.supabase.co/rest/v1/products?select=id&company_id=eq.00000000-0000-0000-0000-000000000001&active=eq.true:0
[ 2626241ms] [ERROR] Failed to load resource: net::ERR_NAME_NOT_RESOLVED @ https://zqubwvhstobaugifzoyb.supabase.co/rest/v1/orders?select=created_at%2Ctotal_amount%2Cstatus%2Corder_type&company_id=eq.00000000-0000-0000-0000-000000000001&created_at=gte.2026-07-29T22%3A00%3A00.000Z:0
[ 2630057ms] [ERROR] WebSocket connection to 'wss://zqubwvhstobaugifzoyb.supabase.co/realtime/v1/websocket?apikey=eyJhbGciOiJIUzI1NiIsInR5cCI6IkpXVCJ9.eyJpc3MiOiJzdXBhYmFzZSIsInJlZiI6InpxdWJ3dmhzdG9iYXVnaWZ6b3liIiwicm9sZSI6ImFub24iLCJpYXQiOjE3Njg0MDg3OTksImV4cCI6MjA4Mzk4NDc5OX0.IWQDg4CNo8UHVMkFhXVkDG1O1IxoADpMX938kapr-SE&vsn=1.0.0' failed: Error in connection establishment: net::ERR_NAME_NOT_RESOLVED @ http://localhost:8081/node_modules/expo-router/entry.bundle?platform=web&dev=true&hot=false&lazy=true&transform.routerRoot=app:99787
[ 2630209ms] [ERROR] Failed to load resource: net::ERR_NAME_NOT_RESOLVED @ https://zqubwvhstobaugifzoyb.supabase.co/rest/v1/orders?select=id%2Cdisplay_code%2Ccustomer_name%2Ccustomer_phone%2Ctotal_amount%2Corder_type%2Cdelivery_address%2Ctable_number%2Ccreated_at&company_id=eq.00000000-0000-0000-0000-000000000001&status=eq.pending&order=created_at.asc&limit=20:0
[ 2630209ms] [ERROR] [OrderNotification] pending fetch failed: {message: TypeError: Failed to fetch, details: TypeError: Failed to fetch
    at http://localhost…alse&lazy=true&transform.routerRoot=app:203393:26, hint: , code: } @ http://localhost:8081/node_modules/expo-router/entry.bundle?platform=web&dev=true&hot=false&lazy=true&transform.routerRoot=app:901
[ 2630361ms] [ERROR] Failed to load resource: net::ERR_NAME_NOT_RESOLVED @ https://zqubwvhstobaugifzoyb.supabase.co/rest/v1/orders?select=id%2Cdisplay_code%2Ccustomer_name%2Ccustomer_phone%2Ctotal_amount%2Corder_type%2Cdelivery_address%2Ctable_number%2Ccreated_at&company_id=eq.00000000-0000-0000-0000-000000000001&status=eq.pending&order=created_at.asc&limit=20:0
[ 2630361ms] [ERROR] [OrderNotification] pending fetch failed: {message: TypeError: Failed to fetch, details: TypeError: Failed to fetch
    at http://localhost…alse&lazy=true&transform.routerRoot=app:203393:26, hint: , code: } @ http://localhost:8081/node_modules/expo-router/entry.bundle?platform=web&dev=true&hot=false&lazy=true&transform.routerRoot=app:901
[ 2630361ms] [ERROR] Failed to load resource: net::ERR_NAME_NOT_RESOLVED @ https://zqubwvhstobaugifzoyb.supabase.co/rest/v1/orders?select=id%2Ctotal_amount&company_id=eq.00000000-0000-0000-0000-000000000001&created_at=gte.2026-09-01T22%3A00%3A00.000Z:0
[ 2630361ms] [ERROR] Failed to load resource: net::ERR_NAME_NOT_RESOLVED @ https://zqubwvhstobaugifzoyb.supabase.co/rest/v1/orders?select=id&company_id=eq.00000000-0000-0000-0000-000000000001&status=in.%28pending%2Cpreparing%29:0
[ 2630361ms] [ERROR] Failed to load resource: net::ERR_NAME_NOT_RESOLVED @ https://zqubwvhstobaugifzoyb.supabase.co/rest/v1/products?select=id&company_id=eq.00000000-0000-0000-0000-000000000001&active=eq.true:0
[ 2630361ms] [ERROR] Failed to load resource: net::ERR_NAME_NOT_RESOLVED @ https://zqubwvhstobaugifzoyb.supabase.co/rest/v1/orders?select=created_at%2Cstatus&company_id=eq.00000000-0000-0000-0000-000000000001&created_at=gte.2026-08-26T22%3A00%3A00.000Z:0
[ 2630362ms] [ERROR] Failed to load resource: net::ERR_NAME_NOT_RESOLVED @ https://zqubwvhstobaugifzoyb.supabase.co/rest/v1/orders?select=created_at%2Ctotal_amount%2Cstatus%2Corder_type&company_id=eq.00000000-0000-0000-0000-000000000001&created_at=gte.2026-07-29T22%3A00%3A00.000Z:0
[ 2631324ms] [ERROR] Failed to load resource: net::ERR_NAME_NOT_RESOLVED @ https://zqubwvhstobaugifzoyb.supabase.co/rest/v1/orders?select=id%2Cdisplay_code%2Ccustomer_name%2Ccustomer_phone%2Ctotal_amount%2Corder_type%2Cdelivery_address%2Ctable_number%2Ccreated_at&company_id=eq.00000000-0000-0000-0000-000000000001&status=eq.pending&order=created_at.asc&limit=20:0
[ 2631324ms] [ERROR] [OrderNotification] pending fetch failed: {message: TypeError: Failed to fetch, details: TypeError: Failed to fetch
    at http://localhost…alse&lazy=true&transform.routerRoot=app:203393:26, hint: , code: } @ http://localhost:8081/node_modules/expo-router/entry.bundle?platform=web&dev=true&hot=false&lazy=true&transform.routerRoot=app:901
[ 2635326ms] [ERROR] Failed to load resource: net::ERR_NAME_NOT_RESOLVED @ https://zqubwvhstobaugifzoyb.supabase.co/rest/v1/orders?select=id%2Ccreated_at%2Cstatus%2Ctotal_amount%2Ccustomer_name%2Cdecline_reason_preset%2Cdecline_reason_note&company_id=eq.00000000-0000-0000-0000-000000000001&status=in.%28pending%2Cpreparing%2Cready%2Ccancelled%29&order=created_at.desc&limit=12:0
[ 2635326ms] [ERROR] Failed to load resource: net::ERR_NAME_NOT_RESOLVED @ https://zqubwvhstobaugifzoyb.supabase.co/rest/v1/orders?select=*%2Corder_items%28*%2Cproduct%3Aproducts%28*%29%29&company_id=eq.00000000-0000-0000-0000-000000000001&order=created_at.asc&status=in.%28pending%2Cpreparing%2Cready%29:0
[ 2635326ms] [ERROR] Kitchen orders fetch error: {message: TypeError: Failed to fetch, details: TypeError: Failed to fetch
    at http://localhost…lse&lazy=true&transform.routerRoot=app:150369:13), hint: , code: } @ http://localhost:8081/node_modules/expo-router/entry.bundle?platform=web&dev=true&hot=false&lazy=true&transform.routerRoot=app:901
[ 2636518ms] [ERROR] Failed to load resource: net::ERR_NAME_NOT_RESOLVED @ https://zqubwvhstobaugifzoyb.supabase.co/rest/v1/orders?select=id%2Ccreated_at%2Cstatus%2Ctotal_amount%2Ccustomer_name%2Cdecline_reason_preset%2Cdecline_reason_note&company_id=eq.00000000-0000-0000-0000-000000000001&status=in.%28pending%2Cpreparing%2Cready%2Ccancelled%29&order=created_at.desc&limit=12:0
[ 2636518ms] [ERROR] Failed to load resource: net::ERR_NAME_NOT_RESOLVED @ https://zqubwvhstobaugifzoyb.supabase.co/rest/v1/orders?select=*%2Corder_items%28*%2Cproduct%3Aproducts%28*%29%29&company_id=eq.00000000-0000-0000-0000-000000000001&order=created_at.asc&status=in.%28pending%2Cpreparing%2Cready%29:0
[ 2636518ms] [ERROR] Kitchen orders fetch error: {message: TypeError: Failed to fetch, details: TypeError: Failed to fetch
    at http://localhost…lse&lazy=true&transform.routerRoot=app:150369:13), hint: , code: } @ http://localhost:8081/node_modules/expo-router/entry.bundle?platform=web&dev=true&hot=false&lazy=true&transform.routerRoot=app:901
[ 2638715ms] [ERROR] Failed to load resource: net::ERR_NAME_NOT_RESOLVED @ https://zqubwvhstobaugifzoyb.supabase.co/rest/v1/orders?select=id%2Ccreated_at%2Cstatus%2Ctotal_amount%2Ccustomer_name%2Cdecline_reason_preset%2Cdecline_reason_note&company_id=eq.00000000-0000-0000-0000-000000000001&status=in.%28pending%2Cpreparing%2Cready%2Ccancelled%29&order=created_at.desc&limit=12:0
[ 2638715ms] [ERROR] Failed to load resource: net::ERR_NAME_NOT_RESOLVED @ https://zqubwvhstobaugifzoyb.supabase.co/rest/v1/orders?select=*%2Corder_items%28*%2Cproduct%3Aproducts%28*%29%29&company_id=eq.00000000-0000-0000-0000-000000000001&order=created_at.asc&status=in.%28pending%2Cpreparing%2Cready%29:0
[ 2638715ms] [ERROR] Kitchen orders fetch error: {message: TypeError: Failed to fetch, details: TypeError: Failed to fetch
    at http://localhost…lse&lazy=true&transform.routerRoot=app:150369:13), hint: , code: } @ http://localhost:8081/node_modules/expo-router/entry.bundle?platform=web&dev=true&hot=false&lazy=true&transform.routerRoot=app:901
[ 2640400ms] [ERROR] WebSocket connection to 'wss://zqubwvhstobaugifzoyb.supabase.co/realtime/v1/websocket?apikey=eyJhbGciOiJIUzI1NiIsInR5cCI6IkpXVCJ9.eyJpc3MiOiJzdXBhYmFzZSIsInJlZiI6InpxdWJ3dmhzdG9iYXVnaWZ6b3liIiwicm9sZSI6ImFub24iLCJpYXQiOjE3Njg0MDg3OTksImV4cCI6MjA4Mzk4NDc5OX0.IWQDg4CNo8UHVMkFhXVkDG1O1IxoADpMX938kapr-SE&vsn=1.0.0' failed: Error in connection establishment: net::ERR_NAME_NOT_RESOLVED @ http://localhost:8081/node_modules/expo-router/entry.bundle?platform=web&dev=true&hot=false&lazy=true&transform.routerRoot=app:99787
[ 2640475ms] [ERROR] Failed to load resource: net::ERR_NAME_NOT_RESOLVED @ https://zqubwvhstobaugifzoyb.supabase.co/rest/v1/orders?select=id%2Ctotal_amount&company_id=eq.00000000-0000-0000-0000-000000000001&created_at=gte.2026-09-01T22%3A00%3A00.000Z:0
[ 2640475ms] [ERROR] Failed to load resource: net::ERR_NAME_NOT_RESOLVED @ https://zqubwvhstobaugifzoyb.supabase.co/rest/v1/orders?select=id&company_id=eq.00000000-0000-0000-0000-000000000001&status=in.%28pending%2Cpreparing%29:0
[ 2640475ms] [ERROR] Failed to load resource: net::ERR_NAME_NOT_RESOLVED @ https://zqubwvhstobaugifzoyb.supabase.co/rest/v1/products?select=id&company_id=eq.00000000-0000-0000-0000-000000000001&active=eq.true:0
[ 2640475ms] [ERROR] Failed to load resource: net::ERR_NAME_NOT_RESOLVED @ https://zqubwvhstobaugifzoyb.supabase.co/rest/v1/orders?select=created_at%2Cstatus&company_id=eq.00000000-0000-0000-0000-000000000001&created_at=gte.2026-08-26T22%3A00%3A00.000Z:0
[ 2640475ms] [ERROR] Failed to load resource: net::ERR_NAME_NOT_RESOLVED @ https://zqubwvhstobaugifzoyb.supabase.co/rest/v1/orders?select=created_at%2Ctotal_amount%2Cstatus%2Corder_type&company_id=eq.00000000-0000-0000-0000-000000000001&created_at=gte.2026-07-29T22%3A00%3A00.000Z:0
[ 2640537ms] [ERROR] Failed to load resource: net::ERR_NAME_NOT_RESOLVED @ https://zqubwvhstobaugifzoyb.supabase.co/rest/v1/orders?select=id%2Cdisplay_code%2Ccustomer_name%2Ccustomer_phone%2Ctotal_amount%2Corder_type%2Cdelivery_address%2Ctable_number%2Ccreated_at&company_id=eq.00000000-0000-0000-0000-000000000001&status=eq.pending&order=created_at.asc&limit=20:0
[ 2640537ms] [ERROR] [OrderNotification] pending fetch failed: {message: TypeError: Failed to fetch, details: TypeError: Failed to fetch
    at http://localhost…alse&lazy=true&transform.routerRoot=app:203393:26, hint: , code: } @ http://localhost:8081/node_modules/expo-router/entry.bundle?platform=web&dev=true&hot=false&lazy=true&transform.routerRoot=app:901
[ 2640714ms] [ERROR] Failed to load resource: net::ERR_NAME_NOT_RESOLVED @ https://zqubwvhstobaugifzoyb.supabase.co/rest/v1/orders?select=id%2Cdisplay_code%2Ccustomer_name%2Ccustomer_phone%2Ctotal_amount%2Corder_type%2Cdelivery_address%2Ctable_number%2Ccreated_at&company_id=eq.00000000-0000-0000-0000-000000000001&status=eq.pending&order=created_at.asc&limit=20:0
[ 2640714ms] [ERROR] [OrderNotification] pending fetch failed: {message: TypeError: Failed to fetch, details: TypeError: Failed to fetch
    at http://localhost…alse&lazy=true&transform.routerRoot=app:203393:26, hint: , code: } @ http://localhost:8081/node_modules/expo-router/entry.bundle?platform=web&dev=true&hot=false&lazy=true&transform.routerRoot=app:901
[ 2641305ms] [ERROR] Failed to load resource: net::ERR_NAME_NOT_RESOLVED @ https://zqubwvhstobaugifzoyb.supabase.co/rest/v1/orders?select=id%2Cdisplay_code%2Ccustomer_name%2Ccustomer_phone%2Ctotal_amount%2Corder_type%2Cdelivery_address%2Ctable_number%2Ccreated_at&company_id=eq.00000000-0000-0000-0000-000000000001&status=eq.pending&order=created_at.asc&limit=20:0
[ 2641306ms] [ERROR] [OrderNotification] pending fetch failed: {message: TypeError: Failed to fetch, details: TypeError: Failed to fetch
    at http://localhost…alse&lazy=true&transform.routerRoot=app:203393:26, hint: , code: } @ http://localhost:8081/node_modules/expo-router/entry.bundle?platform=web&dev=true&hot=false&lazy=true&transform.routerRoot=app:901
[ 2641631ms] [ERROR] Failed to load resource: net::ERR_NAME_NOT_RESOLVED @ https://zqubwvhstobaugifzoyb.supabase.co/rest/v1/products?select=id&company_id=eq.00000000-0000-0000-0000-000000000001&active=eq.true:0
[ 2641631ms] [ERROR] Failed to load resource: net::ERR_NAME_NOT_RESOLVED @ https://zqubwvhstobaugifzoyb.supabase.co/rest/v1/orders?select=created_at%2Cstatus&company_id=eq.00000000-0000-0000-0000-000000000001&created_at=gte.2026-08-26T22%3A00%3A00.000Z:0
[ 2641632ms] [ERROR] Failed to load resource: net::ERR_NAME_NOT_RESOLVED @ https://zqubwvhstobaugifzoyb.supabase.co/rest/v1/orders?select=id%2Ctotal_amount&company_id=eq.00000000-0000-0000-0000-000000000001&created_at=gte.2026-09-01T22%3A00%3A00.000Z:0
[ 2641632ms] [ERROR] Failed to load resource: net::ERR_NAME_NOT_RESOLVED @ https://zqubwvhstobaugifzoyb.supabase.co/rest/v1/orders?select=id&company_id=eq.00000000-0000-0000-0000-000000000001&status=in.%28pending%2Cpreparing%29:0
[ 2641632ms] [ERROR] Failed to load resource: net::ERR_NAME_NOT_RESOLVED @ https://zqubwvhstobaugifzoyb.supabase.co/rest/v1/orders?select=created_at%2Ctotal_amount%2Cstatus%2Corder_type&company_id=eq.00000000-0000-0000-0000-000000000001&created_at=gte.2026-07-29T22%3A00%3A00.000Z:0
[ 2642688ms] [ERROR] Failed to load resource: net::ERR_NAME_NOT_RESOLVED @ https://zqubwvhstobaugifzoyb.supabase.co/rest/v1/orders?select=*%2Corder_items%28*%2Cproduct%3Aproducts%28*%29%29&company_id=eq.00000000-0000-0000-0000-000000000001&order=created_at.desc&limit=100:0
[ 2642688ms] [ERROR] Admin orders fetch error: {message: TypeError: Failed to fetch, details: TypeError: Failed to fetch
    at http://localhost…lse&lazy=true&transform.routerRoot=app:202542:13), hint: , code: } @ http://localhost:8081/node_modules/expo-router/entry.bundle?platform=web&dev=true&hot=false&lazy=true&transform.routerRoot=app:901
[ 2642868ms] [ERROR] Failed to load resource: net::ERR_NAME_NOT_RESOLVED @ https://zqubwvhstobaugifzoyb.supabase.co/rest/v1/orders?select=id%2Ccreated_at%2Cstatus%2Ctotal_amount%2Ccustomer_name%2Cdecline_reason_preset%2Cdecline_reason_note&company_id=eq.00000000-0000-0000-0000-000000000001&status=in.%28pending%2Cpreparing%2Cready%2Ccancelled%29&order=created_at.desc&limit=12:0
[ 2642869ms] [ERROR] Failed to load resource: net::ERR_NAME_NOT_RESOLVED @ https://zqubwvhstobaugifzoyb.supabase.co/rest/v1/orders?select=*%2Corder_items%28*%2Cproduct%3Aproducts%28*%29%29&company_id=eq.00000000-0000-0000-0000-000000000001&order=created_at.asc&status=in.%28pending%2Cpreparing%2Cready%29:0
[ 2642869ms] [ERROR] Kitchen orders fetch error: {message: TypeError: Failed to fetch, details: TypeError: Failed to fetch
    at http://localhost…lse&lazy=true&transform.routerRoot=app:150369:13), hint: , code: } @ http://localhost:8081/node_modules/expo-router/entry.bundle?platform=web&dev=true&hot=false&lazy=true&transform.routerRoot=app:901
[ 2643795ms] [ERROR] Failed to load resource: net::ERR_NAME_NOT_RESOLVED @ https://zqubwvhstobaugifzoyb.supabase.co/rest/v1/orders?select=id%2Ctotal_amount&company_id=eq.00000000-0000-0000-0000-000000000001&created_at=gte.2026-09-01T22%3A00%3A00.000Z:0
[ 2643796ms] [ERROR] Failed to load resource: net::ERR_NAME_NOT_RESOLVED @ https://zqubwvhstobaugifzoyb.supabase.co/rest/v1/orders?select=id&company_id=eq.00000000-0000-0000-0000-000000000001&status=in.%28pending%2Cpreparing%29:0
[ 2643796ms] [ERROR] Failed to load resource: net::ERR_NAME_NOT_RESOLVED @ https://zqubwvhstobaugifzoyb.supabase.co/rest/v1/products?select=id&company_id=eq.00000000-0000-0000-0000-000000000001&active=eq.true:0
[ 2643796ms] [ERROR] Failed to load resource: net::ERR_NAME_NOT_RESOLVED @ https://zqubwvhstobaugifzoyb.supabase.co/rest/v1/orders?select=created_at%2Cstatus&company_id=eq.00000000-0000-0000-0000-000000000001&created_at=gte.2026-08-26T22%3A00%3A00.000Z:0
[ 2643796ms] [ERROR] Failed to load resource: net::ERR_NAME_NOT_RESOLVED @ https://zqubwvhstobaugifzoyb.supabase.co/rest/v1/orders?select=created_at%2Ctotal_amount%2Cstatus%2Corder_type&company_id=eq.00000000-0000-0000-0000-000000000001&created_at=gte.2026-07-29T22%3A00%3A00.000Z:0
[ 2643796ms] [ERROR] Failed to load resource: net::ERR_NAME_NOT_RESOLVED @ https://zqubwvhstobaugifzoyb.supabase.co/rest/v1/orders?select=*%2Corder_items%28*%2Cproduct%3Aproducts%28*%29%29&company_id=eq.00000000-0000-0000-0000-000000000001&order=created_at.desc&limit=100:0
[ 2643796ms] [ERROR] Admin orders fetch error: {message: TypeError: Failed to fetch, details: TypeError: Failed to fetch
    at http://localhost…lse&lazy=true&transform.routerRoot=app:202542:13), hint: , code: } @ http://localhost:8081/node_modules/expo-router/entry.bundle?platform=web&dev=true&hot=false&lazy=true&transform.routerRoot=app:901
[ 2645967ms] [ERROR] Failed to load resource: net::ERR_NAME_NOT_RESOLVED @ https://zqubwvhstobaugifzoyb.supabase.co/rest/v1/orders?select=*%2Corder_items%28*%2Cproduct%3Aproducts%28*%29%29&company_id=eq.00000000-0000-0000-0000-000000000001&order=created_at.desc&limit=100:0
[ 2645967ms] [ERROR] Admin orders fetch error: {message: TypeError: Failed to fetch, details: TypeError: Failed to fetch
    at http://localhost…lse&lazy=true&transform.routerRoot=app:202542:13), hint: , code: } @ http://localhost:8081/node_modules/expo-router/entry.bundle?platform=web&dev=true&hot=false&lazy=true&transform.routerRoot=app:901
[ 2647980ms] [ERROR] Failed to load resource: net::ERR_NAME_NOT_RESOLVED @ https://zqubwvhstobaugifzoyb.supabase.co/rest/v1/orders?select=id%2Ctotal_amount&company_id=eq.00000000-0000-0000-0000-000000000001&created_at=gte.2026-09-01T22%3A00%3A00.000Z:0
[ 2647980ms] [ERROR] Failed to load resource: net::ERR_NAME_NOT_RESOLVED @ https://zqubwvhstobaugifzoyb.supabase.co/rest/v1/orders?select=id&company_id=eq.00000000-0000-0000-0000-000000000001&status=in.%28pending%2Cpreparing%29:0
[ 2647980ms] [ERROR] Failed to load resource: net::ERR_NAME_NOT_RESOLVED @ https://zqubwvhstobaugifzoyb.supabase.co/rest/v1/products?select=id&company_id=eq.00000000-0000-0000-0000-000000000001&active=eq.true:0
[ 2647980ms] [ERROR] Failed to load resource: net::ERR_NAME_NOT_RESOLVED @ https://zqubwvhstobaugifzoyb.supabase.co/rest/v1/orders?select=created_at%2Cstatus&company_id=eq.00000000-0000-0000-0000-000000000001&created_at=gte.2026-08-26T22%3A00%3A00.000Z:0
[ 2647980ms] [ERROR] Failed to load resource: net::ERR_NAME_NOT_RESOLVED @ https://zqubwvhstobaugifzoyb.supabase.co/rest/v1/orders?select=created_at%2Ctotal_amount%2Cstatus%2Corder_type&company_id=eq.00000000-0000-0000-0000-000000000001&created_at=gte.2026-07-29T22%3A00%3A00.000Z:0
[ 2650173ms] [ERROR] Failed to load resource: net::ERR_NAME_NOT_RESOLVED @ https://zqubwvhstobaugifzoyb.supabase.co/rest/v1/orders?select=*%2Corder_items%28*%2Cproduct%3Aproducts%28*%29%29&company_id=eq.00000000-0000-0000-0000-000000000001&order=created_at.desc&limit=100:0
[ 2650173ms] [ERROR] Admin orders fetch error: {message: TypeError: Failed to fetch, details: TypeError: Failed to fetch
    at http://localhost…lse&lazy=true&transform.routerRoot=app:202542:13), hint: , code: } @ http://localhost:8081/node_modules/expo-router/entry.bundle?platform=web&dev=true&hot=false&lazy=true&transform.routerRoot=app:901
[ 2650487ms] [ERROR] WebSocket connection to 'wss://zqubwvhstobaugifzoyb.supabase.co/realtime/v1/websocket?apikey=eyJhbGciOiJIUzI1NiIsInR5cCI6IkpXVCJ9.eyJpc3MiOiJzdXBhYmFzZSIsInJlZiI6InpxdWJ3dmhzdG9iYXVnaWZ6b3liIiwicm9sZSI6ImFub24iLCJpYXQiOjE3Njg0MDg3OTksImV4cCI6MjA4Mzk4NDc5OX0.IWQDg4CNo8UHVMkFhXVkDG1O1IxoADpMX938kapr-SE&vsn=1.0.0' failed: Error in connection establishment: net::ERR_NAME_NOT_RESOLVED @ http://localhost:8081/node_modules/expo-router/entry.bundle?platform=web&dev=true&hot=false&lazy=true&transform.routerRoot=app:99787
[ 2650661ms] [ERROR] Failed to load resource: net::ERR_NAME_NOT_RESOLVED @ https://zqubwvhstobaugifzoyb.supabase.co/rest/v1/orders?select=id%2Cdisplay_code%2Ccustomer_name%2Ccustomer_phone%2Ctotal_amount%2Corder_type%2Cdelivery_address%2Ctable_number%2Ccreated_at&company_id=eq.00000000-0000-0000-0000-000000000001&status=eq.pending&order=created_at.asc&limit=20:0
[ 2650661ms] [ERROR] [OrderNotification] pending fetch failed: {message: TypeError: Failed to fetch, details: TypeError: Failed to fetch
    at http://localhost…alse&lazy=true&transform.routerRoot=app:203393:26, hint: , code: } @ http://localhost:8081/node_modules/expo-router/entry.bundle?platform=web&dev=true&hot=false&lazy=true&transform.routerRoot=app:901
[ 2650798ms] [ERROR] Failed to load resource: net::ERR_NAME_NOT_RESOLVED @ https://zqubwvhstobaugifzoyb.supabase.co/rest/v1/orders?select=id%2Cdisplay_code%2Ccustomer_name%2Ccustomer_phone%2Ctotal_amount%2Corder_type%2Cdelivery_address%2Ctable_number%2Ccreated_at&company_id=eq.00000000-0000-0000-0000-000000000001&status=eq.pending&order=created_at.asc&limit=20:0
[ 2650798ms] [ERROR] [OrderNotification] pending fetch failed: {message: TypeError: Failed to fetch, details: TypeError: Failed to fetch
    at http://localhost…alse&lazy=true&transform.routerRoot=app:203393:26, hint: , code: } @ http://localhost:8081/node_modules/expo-router/entry.bundle?platform=web&dev=true&hot=false&lazy=true&transform.routerRoot=app:901
[ 2651316ms] [ERROR] Failed to load resource: net::ERR_NAME_NOT_RESOLVED @ https://zqubwvhstobaugifzoyb.supabase.co/rest/v1/orders?select=id%2Cdisplay_code%2Ccustomer_name%2Ccustomer_phone%2Ctotal_amount%2Corder_type%2Cdelivery_address%2Ctable_number%2Ccreated_at&company_id=eq.00000000-0000-0000-0000-000000000001&status=eq.pending&order=created_at.asc&limit=20:0
[ 2651317ms] [ERROR] [OrderNotification] pending fetch failed: {message: TypeError: Failed to fetch, details: TypeError: Failed to fetch
    at http://localhost…alse&lazy=true&transform.routerRoot=app:203393:26, hint: , code: } @ http://localhost:8081/node_modules/expo-router/entry.bundle?platform=web&dev=true&hot=false&lazy=true&transform.routerRoot=app:901
[ 2653136ms] [ERROR] Failed to load resource: net::ERR_NAME_NOT_RESOLVED @ https://zqubwvhstobaugifzoyb.supabase.co/rest/v1/orders?select=id%2Ccreated_at%2Cstatus%2Ctotal_amount%2Ccustomer_name%2Cdecline_reason_preset%2Cdecline_reason_note&company_id=eq.00000000-0000-0000-0000-000000000001&status=in.%28pending%2Cpreparing%2Cready%2Ccancelled%29&order=created_at.desc&limit=12:0
[ 2653137ms] [ERROR] Failed to load resource: net::ERR_NAME_NOT_RESOLVED @ https://zqubwvhstobaugifzoyb.supabase.co/rest/v1/orders?select=*%2Corder_items%28*%2Cproduct%3Aproducts%28*%29%29&company_id=eq.00000000-0000-0000-0000-000000000001&order=created_at.asc&status=in.%28pending%2Cpreparing%2Cready%29:0
[ 2653137ms] [ERROR] Kitchen orders fetch error: {message: TypeError: Failed to fetch, details: TypeError: Failed to fetch
    at http://localhost…lse&lazy=true&transform.routerRoot=app:150369:13), hint: , code: } @ http://localhost:8081/node_modules/expo-router/entry.bundle?platform=web&dev=true&hot=false&lazy=true&transform.routerRoot=app:901
[ 2654278ms] [ERROR] Failed to load resource: net::ERR_NAME_NOT_RESOLVED @ https://zqubwvhstobaugifzoyb.supabase.co/rest/v1/orders?select=id%2Ccreated_at%2Cstatus%2Ctotal_amount%2Ccustomer_name%2Cdecline_reason_preset%2Cdecline_reason_note&company_id=eq.00000000-0000-0000-0000-000000000001&status=in.%28pending%2Cpreparing%2Cready%2Ccancelled%29&order=created_at.desc&limit=12:0
[ 2654279ms] [ERROR] Failed to load resource: net::ERR_NAME_NOT_RESOLVED @ https://zqubwvhstobaugifzoyb.supabase.co/rest/v1/orders?select=*%2Corder_items%28*%2Cproduct%3Aproducts%28*%29%29&company_id=eq.00000000-0000-0000-0000-000000000001&order=created_at.asc&status=in.%28pending%2Cpreparing%2Cready%29:0
[ 2654279ms] [ERROR] Kitchen orders fetch error: {message: TypeError: Failed to fetch, details: TypeError: Failed to fetch
    at http://localhost…lse&lazy=true&transform.routerRoot=app:150369:13), hint: , code: } @ http://localhost:8081/node_modules/expo-router/entry.bundle?platform=web&dev=true&hot=false&lazy=true&transform.routerRoot=app:901
[ 2656399ms] [ERROR] Failed to load resource: net::ERR_NAME_NOT_RESOLVED @ https://zqubwvhstobaugifzoyb.supabase.co/rest/v1/orders?select=id%2Ccreated_at%2Cstatus%2Ctotal_amount%2Ccustomer_name%2Cdecline_reason_preset%2Cdecline_reason_note&company_id=eq.00000000-0000-0000-0000-000000000001&status=in.%28pending%2Cpreparing%2Cready%2Ccancelled%29&order=created_at.desc&limit=12:0
[ 2656400ms] [ERROR] Failed to load resource: net::ERR_NAME_NOT_RESOLVED @ https://zqubwvhstobaugifzoyb.supabase.co/rest/v1/orders?select=*%2Corder_items%28*%2Cproduct%3Aproducts%28*%29%29&company_id=eq.00000000-0000-0000-0000-000000000001&order=created_at.asc&status=in.%28pending%2Cpreparing%2Cready%29:0
[ 2656400ms] [ERROR] Kitchen orders fetch error: {message: TypeError: Failed to fetch, details: TypeError: Failed to fetch
    at http://localhost…lse&lazy=true&transform.routerRoot=app:150369:13), hint: , code: } @ http://localhost:8081/node_modules/expo-router/entry.bundle?platform=web&dev=true&hot=false&lazy=true&transform.routerRoot=app:901
[ 2658211ms] [ERROR] Failed to load resource: net::ERR_NAME_NOT_RESOLVED @ https://zqubwvhstobaugifzoyb.supabase.co/rest/v1/orders?select=id%2Ctotal_amount&company_id=eq.00000000-0000-0000-0000-000000000001&created_at=gte.2026-09-01T22%3A00%3A00.000Z:0
[ 2658211ms] [ERROR] Failed to load resource: net::ERR_NAME_NOT_RESOLVED @ https://zqubwvhstobaugifzoyb.supabase.co/rest/v1/orders?select=id&company_id=eq.00000000-0000-0000-0000-000000000001&status=in.%28pending%2Cpreparing%29:0
[ 2658211ms] [ERROR] Failed to load resource: net::ERR_NAME_NOT_RESOLVED @ https://zqubwvhstobaugifzoyb.supabase.co/rest/v1/products?select=id&company_id=eq.00000000-0000-0000-0000-000000000001&active=eq.true:0
[ 2658211ms] [ERROR] Failed to load resource: net::ERR_NAME_NOT_RESOLVED @ https://zqubwvhstobaugifzoyb.supabase.co/rest/v1/orders?select=created_at%2Cstatus&company_id=eq.00000000-0000-0000-0000-000000000001&created_at=gte.2026-08-26T22%3A00%3A00.000Z:0
[ 2658211ms] [ERROR] Failed to load resource: net::ERR_NAME_NOT_RESOLVED @ https://zqubwvhstobaugifzoyb.supabase.co/rest/v1/orders?select=created_at%2Ctotal_amount%2Cstatus%2Corder_type&company_id=eq.00000000-0000-0000-0000-000000000001&created_at=gte.2026-07-29T22%3A00%3A00.000Z:0
[ 2659386ms] [ERROR] Failed to load resource: net::ERR_NAME_NOT_RESOLVED @ https://zqubwvhstobaugifzoyb.supabase.co/rest/v1/orders?select=id%2Ctotal_amount&company_id=eq.00000000-0000-0000-0000-000000000001&created_at=gte.2026-09-01T22%3A00%3A00.000Z:0
[ 2659387ms] [ERROR] Failed to load resource: net::ERR_NAME_NOT_RESOLVED @ https://zqubwvhstobaugifzoyb.supabase.co/rest/v1/orders?select=id&company_id=eq.00000000-0000-0000-0000-000000000001&status=in.%28pending%2Cpreparing%29:0
[ 2659387ms] [ERROR] Failed to load resource: net::ERR_NAME_NOT_RESOLVED @ https://zqubwvhstobaugifzoyb.supabase.co/rest/v1/products?select=id&company_id=eq.00000000-0000-0000-0000-000000000001&active=eq.true:0
[ 2659387ms] [ERROR] Failed to load resource: net::ERR_NAME_NOT_RESOLVED @ https://zqubwvhstobaugifzoyb.supabase.co/rest/v1/orders?select=created_at%2Cstatus&company_id=eq.00000000-0000-0000-0000-000000000001&created_at=gte.2026-08-26T22%3A00%3A00.000Z:0
[ 2659387ms] [ERROR] Failed to load resource: net::ERR_NAME_NOT_RESOLVED @ https://zqubwvhstobaugifzoyb.supabase.co/rest/v1/orders?select=created_at%2Ctotal_amount%2Cstatus%2Corder_type&company_id=eq.00000000-0000-0000-0000-000000000001&created_at=gte.2026-07-29T22%3A00%3A00.000Z:0
[ 2660552ms] [ERROR] Failed to load resource: net::ERR_NAME_NOT_RESOLVED @ https://zqubwvhstobaugifzoyb.supabase.co/rest/v1/orders?select=id%2Ccreated_at%2Cstatus%2Ctotal_amount%2Ccustomer_name%2Cdecline_reason_preset%2Cdecline_reason_note&company_id=eq.00000000-0000-0000-0000-000000000001&status=in.%28pending%2Cpreparing%2Cready%2Ccancelled%29&order=created_at.desc&limit=12:0
[ 2660553ms] [ERROR] Failed to load resource: net::ERR_NAME_NOT_RESOLVED @ https://zqubwvhstobaugifzoyb.supabase.co/rest/v1/orders?select=*%2Corder_items%28*%2Cproduct%3Aproducts%28*%29%29&company_id=eq.00000000-0000-0000-0000-000000000001&order=created_at.asc&status=in.%28pending%2Cpreparing%2Cready%29:0
[ 2660553ms] [ERROR] Kitchen orders fetch error: {message: TypeError: Failed to fetch, details: TypeError: Failed to fetch
    at http://localhost…lse&lazy=true&transform.routerRoot=app:150369:13), hint: , code: } @ http://localhost:8081/node_modules/expo-router/entry.bundle?platform=web&dev=true&hot=false&lazy=true&transform.routerRoot=app:901
[ 2660553ms] [ERROR] WebSocket connection to 'wss://zqubwvhstobaugifzoyb.supabase.co/realtime/v1/websocket?apikey=eyJhbGciOiJIUzI1NiIsInR5cCI6IkpXVCJ9.eyJpc3MiOiJzdXBhYmFzZSIsInJlZiI6InpxdWJ3dmhzdG9iYXVnaWZ6b3liIiwicm9sZSI6ImFub24iLCJpYXQiOjE3Njg0MDg3OTksImV4cCI6MjA4Mzk4NDc5OX0.IWQDg4CNo8UHVMkFhXVkDG1O1IxoADpMX938kapr-SE&vsn=1.0.0' failed: Error in connection establishment: net::ERR_NAME_NOT_RESOLVED @ http://localhost:8081/node_modules/expo-router/entry.bundle?platform=web&dev=true&hot=false&lazy=true&transform.routerRoot=app:99787
[ 2660703ms] [ERROR] Failed to load resource: net::ERR_NAME_NOT_RESOLVED @ https://zqubwvhstobaugifzoyb.supabase.co/rest/v1/orders?select=id%2Cdisplay_code%2Ccustomer_name%2Ccustomer_phone%2Ctotal_amount%2Corder_type%2Cdelivery_address%2Ctable_number%2Ccreated_at&company_id=eq.00000000-0000-0000-0000-000000000001&status=eq.pending&order=created_at.asc&limit=20:0
[ 2660703ms] [ERROR] [OrderNotification] pending fetch failed: {message: TypeError: Failed to fetch, details: TypeError: Failed to fetch
    at http://localhost…alse&lazy=true&transform.routerRoot=app:203393:26, hint: , code: } @ http://localhost:8081/node_modules/expo-router/entry.bundle?platform=web&dev=true&hot=false&lazy=true&transform.routerRoot=app:901
[ 2660828ms] [ERROR] Failed to load resource: net::ERR_NAME_NOT_RESOLVED @ https://zqubwvhstobaugifzoyb.supabase.co/rest/v1/orders?select=id%2Cdisplay_code%2Ccustomer_name%2Ccustomer_phone%2Ctotal_amount%2Corder_type%2Cdelivery_address%2Ctable_number%2Ccreated_at&company_id=eq.00000000-0000-0000-0000-000000000001&status=eq.pending&order=created_at.asc&limit=20:0
[ 2660828ms] [ERROR] [OrderNotification] pending fetch failed: {message: TypeError: Failed to fetch, details: TypeError: Failed to fetch
    at http://localhost…alse&lazy=true&transform.routerRoot=app:203393:26, hint: , code: } @ http://localhost:8081/node_modules/expo-router/entry.bundle?platform=web&dev=true&hot=false&lazy=true&transform.routerRoot=app:901
[ 2661293ms] [ERROR] Failed to load resource: net::ERR_NAME_NOT_RESOLVED @ https://zqubwvhstobaugifzoyb.supabase.co/rest/v1/orders?select=id%2Cdisplay_code%2Ccustomer_name%2Ccustomer_phone%2Ctotal_amount%2Corder_type%2Cdelivery_address%2Ctable_number%2Ccreated_at&company_id=eq.00000000-0000-0000-0000-000000000001&status=eq.pending&order=created_at.asc&limit=20:0
[ 2661293ms] [ERROR] [OrderNotification] pending fetch failed: {message: TypeError: Failed to fetch, details: TypeError: Failed to fetch
    at http://localhost…alse&lazy=true&transform.routerRoot=app:203393:26, hint: , code: } @ http://localhost:8081/node_modules/expo-router/entry.bundle?platform=web&dev=true&hot=false&lazy=true&transform.routerRoot=app:901
[ 2661560ms] [ERROR] Failed to load resource: net::ERR_NAME_NOT_RESOLVED @ https://zqubwvhstobaugifzoyb.supabase.co/rest/v1/orders?select=id&company_id=eq.00000000-0000-0000-0000-000000000001&status=in.%28pending%2Cpreparing%29:0
[ 2661560ms] [ERROR] Failed to load resource: net::ERR_NAME_NOT_RESOLVED @ https://zqubwvhstobaugifzoyb.supabase.co/rest/v1/orders?select=created_at%2Cstatus&company_id=eq.00000000-0000-0000-0000-000000000001&created_at=gte.2026-08-26T22%3A00%3A00.000Z:0
[ 2661560ms] [ERROR] Failed to load resource: net::ERR_NAME_NOT_RESOLVED @ https://zqubwvhstobaugifzoyb.supabase.co/rest/v1/orders?select=id%2Ctotal_amount&company_id=eq.00000000-0000-0000-0000-000000000001&created_at=gte.2026-09-01T22%3A00%3A00.000Z:0
[ 2661560ms] [ERROR] Failed to load resource: net::ERR_NAME_NOT_RESOLVED @ https://zqubwvhstobaugifzoyb.supabase.co/rest/v1/products?select=id&company_id=eq.00000000-0000-0000-0000-000000000001&active=eq.true:0
[ 2661561ms] [ERROR] Failed to load resource: net::ERR_NAME_NOT_RESOLVED @ https://zqubwvhstobaugifzoyb.supabase.co/rest/v1/orders?select=created_at%2Ctotal_amount%2Cstatus%2Corder_type&company_id=eq.00000000-0000-0000-0000-000000000001&created_at=gte.2026-07-29T22%3A00%3A00.000Z:0
[ 2665821ms] [ERROR] Failed to load resource: net::ERR_NAME_NOT_RESOLVED @ https://zqubwvhstobaugifzoyb.supabase.co/rest/v1/orders?select=id%2Ctotal_amount&company_id=eq.00000000-0000-0000-0000-000000000001&created_at=gte.2026-09-01T22%3A00%3A00.000Z:0
[ 2665822ms] [ERROR] Failed to load resource: net::ERR_NAME_NOT_RESOLVED @ https://zqubwvhstobaugifzoyb.supabase.co/rest/v1/orders?select=id&company_id=eq.00000000-0000-0000-0000-000000000001&status=in.%28pending%2Cpreparing%29:0
[ 2665822ms] [ERROR] Failed to load resource: net::ERR_NAME_NOT_RESOLVED @ https://zqubwvhstobaugifzoyb.supabase.co/rest/v1/products?select=id&company_id=eq.00000000-0000-0000-0000-000000000001&active=eq.true:0
[ 2665822ms] [ERROR] Failed to load resource: net::ERR_NAME_NOT_RESOLVED @ https://zqubwvhstobaugifzoyb.supabase.co/rest/v1/orders?select=created_at%2Cstatus&company_id=eq.00000000-0000-0000-0000-000000000001&created_at=gte.2026-08-26T22%3A00%3A00.000Z:0
[ 2665822ms] [ERROR] Failed to load resource: net::ERR_NAME_NOT_RESOLVED @ https://zqubwvhstobaugifzoyb.supabase.co/rest/v1/orders?select=created_at%2Ctotal_amount%2Cstatus%2Corder_type&company_id=eq.00000000-0000-0000-0000-000000000001&created_at=gte.2026-07-29T22%3A00%3A00.000Z:0
[ 2670728ms] [ERROR] WebSocket connection to 'wss://zqubwvhstobaugifzoyb.supabase.co/realtime/v1/websocket?apikey=eyJhbGciOiJIUzI1NiIsInR5cCI6IkpXVCJ9.eyJpc3MiOiJzdXBhYmFzZSIsInJlZiI6InpxdWJ3dmhzdG9iYXVnaWZ6b3liIiwicm9sZSI6ImFub24iLCJpYXQiOjE3Njg0MDg3OTksImV4cCI6MjA4Mzk4NDc5OX0.IWQDg4CNo8UHVMkFhXVkDG1O1IxoADpMX938kapr-SE&vsn=1.0.0' failed: Error in connection establishment: net::ERR_NAME_NOT_RESOLVED @ http://localhost:8081/node_modules/expo-router/entry.bundle?platform=web&dev=true&hot=false&lazy=true&transform.routerRoot=app:99787
[ 2670790ms] [ERROR] Failed to load resource: net::ERR_NAME_NOT_RESOLVED @ https://zqubwvhstobaugifzoyb.supabase.co/rest/v1/orders?select=id%2Ccreated_at%2Cstatus%2Ctotal_amount%2Ccustomer_name%2Cdecline_reason_preset%2Cdecline_reason_note&company_id=eq.00000000-0000-0000-0000-000000000001&status=in.%28pending%2Cpreparing%2Cready%2Ccancelled%29&order=created_at.desc&limit=12:0
[ 2670791ms] [ERROR] Failed to load resource: net::ERR_NAME_NOT_RESOLVED @ https://zqubwvhstobaugifzoyb.supabase.co/rest/v1/orders?select=*%2Corder_items%28*%2Cproduct%3Aproducts%28*%29%29&company_id=eq.00000000-0000-0000-0000-000000000001&order=created_at.asc&status=in.%28pending%2Cpreparing%2Cready%29:0
[ 2670791ms] [ERROR] Kitchen orders fetch error: {message: TypeError: Failed to fetch, details: TypeError: Failed to fetch
    at http://localhost…lse&lazy=true&transform.routerRoot=app:150369:13), hint: , code: } @ http://localhost:8081/node_modules/expo-router/entry.bundle?platform=web&dev=true&hot=false&lazy=true&transform.routerRoot=app:901
[ 2670853ms] [ERROR] Failed to load resource: net::ERR_NAME_NOT_RESOLVED @ https://zqubwvhstobaugifzoyb.supabase.co/rest/v1/orders?select=id%2Cdisplay_code%2Ccustomer_name%2Ccustomer_phone%2Ctotal_amount%2Corder_type%2Cdelivery_address%2Ctable_number%2Ccreated_at&company_id=eq.00000000-0000-0000-0000-000000000001&status=eq.pending&order=created_at.asc&limit=20:0
[ 2670853ms] [ERROR] [OrderNotification] pending fetch failed: {message: TypeError: Failed to fetch, details: TypeError: Failed to fetch
    at http://localhost…alse&lazy=true&transform.routerRoot=app:203393:26, hint: , code: } @ http://localhost:8081/node_modules/expo-router/entry.bundle?platform=web&dev=true&hot=false&lazy=true&transform.routerRoot=app:901
[ 2670968ms] [ERROR] Failed to load resource: net::ERR_NAME_NOT_RESOLVED @ https://zqubwvhstobaugifzoyb.supabase.co/rest/v1/orders?select=id%2Cdisplay_code%2Ccustomer_name%2Ccustomer_phone%2Ctotal_amount%2Corder_type%2Cdelivery_address%2Ctable_number%2Ccreated_at&company_id=eq.00000000-0000-0000-0000-000000000001&status=eq.pending&order=created_at.asc&limit=20:0
[ 2670968ms] [ERROR] [OrderNotification] pending fetch failed: {message: TypeError: Failed to fetch, details: TypeError: Failed to fetch
    at http://localhost…alse&lazy=true&transform.routerRoot=app:203393:26, hint: , code: } @ http://localhost:8081/node_modules/expo-router/entry.bundle?platform=web&dev=true&hot=false&lazy=true&transform.routerRoot=app:901
[ 2671257ms] [ERROR] Failed to load resource: net::ERR_NAME_NOT_RESOLVED @ https://zqubwvhstobaugifzoyb.supabase.co/rest/v1/orders?select=id%2Cdisplay_code%2Ccustomer_name%2Ccustomer_phone%2Ctotal_amount%2Corder_type%2Cdelivery_address%2Ctable_number%2Ccreated_at&company_id=eq.00000000-0000-0000-0000-000000000001&status=eq.pending&order=created_at.asc&limit=20:0
[ 2671258ms] [ERROR] [OrderNotification] pending fetch failed: {message: TypeError: Failed to fetch, details: TypeError: Failed to fetch
    at http://localhost…alse&lazy=true&transform.routerRoot=app:203393:26, hint: , code: } @ http://localhost:8081/node_modules/expo-router/entry.bundle?platform=web&dev=true&hot=false&lazy=true&transform.routerRoot=app:901
[ 2671962ms] [ERROR] Failed to load resource: net::ERR_NAME_NOT_RESOLVED @ https://zqubwvhstobaugifzoyb.supabase.co/rest/v1/orders?select=id%2Ccreated_at%2Cstatus%2Ctotal_amount%2Ccustomer_name%2Cdecline_reason_preset%2Cdecline_reason_note&company_id=eq.00000000-0000-0000-0000-000000000001&status=in.%28pending%2Cpreparing%2Cready%2Ccancelled%29&order=created_at.desc&limit=12:0
[ 2671963ms] [ERROR] Failed to load resource: net::ERR_NAME_NOT_RESOLVED @ https://zqubwvhstobaugifzoyb.supabase.co/rest/v1/orders?select=*%2Corder_items%28*%2Cproduct%3Aproducts%28*%29%29&company_id=eq.00000000-0000-0000-0000-000000000001&order=created_at.asc&status=in.%28pending%2Cpreparing%2Cready%29:0
[ 2671963ms] [ERROR] Kitchen orders fetch error: {message: TypeError: Failed to fetch, details: TypeError: Failed to fetch
    at http://localhost…lse&lazy=true&transform.routerRoot=app:150369:13), hint: , code: } @ http://localhost:8081/node_modules/expo-router/entry.bundle?platform=web&dev=true&hot=false&lazy=true&transform.routerRoot=app:901
[ 2674170ms] [ERROR] Failed to load resource: net::ERR_NAME_NOT_RESOLVED @ https://zqubwvhstobaugifzoyb.supabase.co/rest/v1/orders?select=id%2Ccreated_at%2Cstatus%2Ctotal_amount%2Ccustomer_name%2Cdecline_reason_preset%2Cdecline_reason_note&company_id=eq.00000000-0000-0000-0000-000000000001&status=in.%28pending%2Cpreparing%2Cready%2Ccancelled%29&order=created_at.desc&limit=12:0
[ 2674171ms] [ERROR] Failed to load resource: net::ERR_NAME_NOT_RESOLVED @ https://zqubwvhstobaugifzoyb.supabase.co/rest/v1/orders?select=*%2Corder_items%28*%2Cproduct%3Aproducts%28*%29%29&company_id=eq.00000000-0000-0000-0000-000000000001&order=created_at.asc&status=in.%28pending%2Cpreparing%2Cready%29:0
[ 2674171ms] [ERROR] Kitchen orders fetch error: {message: TypeError: Failed to fetch, details: TypeError: Failed to fetch
    at http://localhost…lse&lazy=true&transform.routerRoot=app:150369:13), hint: , code: } @ http://localhost:8081/node_modules/expo-router/entry.bundle?platform=web&dev=true&hot=false&lazy=true&transform.routerRoot=app:901
[ 2676318ms] [ERROR] Failed to load resource: net::ERR_NAME_NOT_RESOLVED @ https://zqubwvhstobaugifzoyb.supabase.co/rest/v1/orders?select=id%2Ctotal_amount&company_id=eq.00000000-0000-0000-0000-000000000001&created_at=gte.2026-09-01T22%3A00%3A00.000Z:0
[ 2676319ms] [ERROR] Failed to load resource: net::ERR_NAME_NOT_RESOLVED @ https://zqubwvhstobaugifzoyb.supabase.co/rest/v1/orders?select=id&company_id=eq.00000000-0000-0000-0000-000000000001&status=in.%28pending%2Cpreparing%29:0
[ 2676319ms] [ERROR] Failed to load resource: net::ERR_NAME_NOT_RESOLVED @ https://zqubwvhstobaugifzoyb.supabase.co/rest/v1/products?select=id&company_id=eq.00000000-0000-0000-0000-000000000001&active=eq.true:0
[ 2676319ms] [ERROR] Failed to load resource: net::ERR_NAME_NOT_RESOLVED @ https://zqubwvhstobaugifzoyb.supabase.co/rest/v1/orders?select=created_at%2Cstatus&company_id=eq.00000000-0000-0000-0000-000000000001&created_at=gte.2026-08-26T22%3A00%3A00.000Z:0
[ 2676319ms] [ERROR] Failed to load resource: net::ERR_NAME_NOT_RESOLVED @ https://zqubwvhstobaugifzoyb.supabase.co/rest/v1/orders?select=created_at%2Ctotal_amount%2Cstatus%2Corder_type&company_id=eq.00000000-0000-0000-0000-000000000001&created_at=gte.2026-07-29T22%3A00%3A00.000Z:0
[ 2677440ms] [ERROR] Failed to load resource: net::ERR_NAME_NOT_RESOLVED @ https://zqubwvhstobaugifzoyb.supabase.co/rest/v1/orders?select=id&company_id=eq.00000000-0000-0000-0000-000000000001&status=in.%28pending%2Cpreparing%29:0
[ 2677440ms] [ERROR] Failed to load resource: net::ERR_NAME_NOT_RESOLVED @ https://zqubwvhstobaugifzoyb.supabase.co/rest/v1/orders?select=created_at%2Cstatus&company_id=eq.00000000-0000-0000-0000-000000000001&created_at=gte.2026-08-26T22%3A00%3A00.000Z:0
[ 2677441ms] [ERROR] Failed to load resource: net::ERR_NAME_NOT_RESOLVED @ https://zqubwvhstobaugifzoyb.supabase.co/rest/v1/orders?select=id%2Ctotal_amount&company_id=eq.00000000-0000-0000-0000-000000000001&created_at=gte.2026-09-01T22%3A00%3A00.000Z:0
[ 2677441ms] [ERROR] Failed to load resource: net::ERR_NAME_NOT_RESOLVED @ https://zqubwvhstobaugifzoyb.supabase.co/rest/v1/products?select=id&company_id=eq.00000000-0000-0000-0000-000000000001&active=eq.true:0
[ 2677441ms] [ERROR] Failed to load resource: net::ERR_NAME_NOT_RESOLVED @ https://zqubwvhstobaugifzoyb.supabase.co/rest/v1/orders?select=created_at%2Ctotal_amount%2Cstatus%2Corder_type&company_id=eq.00000000-0000-0000-0000-000000000001&created_at=gte.2026-07-29T22%3A00%3A00.000Z:0
[ 2678326ms] [ERROR] Failed to load resource: net::ERR_NAME_NOT_RESOLVED @ https://zqubwvhstobaugifzoyb.supabase.co/rest/v1/orders?select=id%2Ccreated_at%2Cstatus%2Ctotal_amount%2Ccustomer_name%2Cdecline_reason_preset%2Cdecline_reason_note&company_id=eq.00000000-0000-0000-0000-000000000001&status=in.%28pending%2Cpreparing%2Cready%2Ccancelled%29&order=created_at.desc&limit=12:0
[ 2678327ms] [ERROR] Failed to load resource: net::ERR_NAME_NOT_RESOLVED @ https://zqubwvhstobaugifzoyb.supabase.co/rest/v1/orders?select=*%2Corder_items%28*%2Cproduct%3Aproducts%28*%29%29&company_id=eq.00000000-0000-0000-0000-000000000001&order=created_at.asc&status=in.%28pending%2Cpreparing%2Cready%29:0
[ 2678327ms] [ERROR] Kitchen orders fetch error: {message: TypeError: Failed to fetch, details: TypeError: Failed to fetch
    at http://localhost…lse&lazy=true&transform.routerRoot=app:150369:13), hint: , code: } @ http://localhost:8081/node_modules/expo-router/entry.bundle?platform=web&dev=true&hot=false&lazy=true&transform.routerRoot=app:901
[ 2684578ms] [ERROR] Failed to load resource: net::ERR_NAME_NOT_RESOLVED @ https://zqubwvhstobaugifzoyb.supabase.co/rest/v1/orders?select=id%2Ctotal_amount&company_id=eq.00000000-0000-0000-0000-000000000001&created_at=gte.2026-09-01T22%3A00%3A00.000Z:0
[ 2684578ms] [ERROR] Failed to load resource: net::ERR_NAME_NOT_RESOLVED @ https://zqubwvhstobaugifzoyb.supabase.co/rest/v1/orders?select=id&company_id=eq.00000000-0000-0000-0000-000000000001&status=in.%28pending%2Cpreparing%29:0
[ 2684578ms] [ERROR] Failed to load resource: net::ERR_NAME_NOT_RESOLVED @ https://zqubwvhstobaugifzoyb.supabase.co/rest/v1/products?select=id&company_id=eq.00000000-0000-0000-0000-000000000001&active=eq.true:0
[ 2684578ms] [ERROR] Failed to load resource: net::ERR_NAME_NOT_RESOLVED @ https://zqubwvhstobaugifzoyb.supabase.co/rest/v1/orders?select=created_at%2Cstatus&company_id=eq.00000000-0000-0000-0000-000000000001&created_at=gte.2026-08-26T22%3A00%3A00.000Z:0
[ 2684578ms] [ERROR] Failed to load resource: net::ERR_NAME_NOT_RESOLVED @ https://zqubwvhstobaugifzoyb.supabase.co/rest/v1/orders?select=created_at%2Ctotal_amount%2Cstatus%2Corder_type&company_id=eq.00000000-0000-0000-0000-000000000001&created_at=gte.2026-07-29T22%3A00%3A00.000Z:0
[ 2684579ms] [ERROR] WebSocket connection to 'wss://zqubwvhstobaugifzoyb.supabase.co/realtime/v1/websocket?apikey=eyJhbGciOiJIUzI1NiIsInR5cCI6IkpXVCJ9.eyJpc3MiOiJzdXBhYmFzZSIsInJlZiI6InpxdWJ3dmhzdG9iYXVnaWZ6b3liIiwicm9sZSI6ImFub24iLCJpYXQiOjE3Njg0MDg3OTksImV4cCI6MjA4Mzk4NDc5OX0.IWQDg4CNo8UHVMkFhXVkDG1O1IxoADpMX938kapr-SE&vsn=1.0.0' failed: Error in connection establishment: net::ERR_NAME_NOT_RESOLVED @ http://localhost:8081/node_modules/expo-router/entry.bundle?platform=web&dev=true&hot=false&lazy=true&transform.routerRoot=app:99787
[ 2684651ms] [ERROR] Failed to load resource: net::ERR_NAME_NOT_RESOLVED @ https://zqubwvhstobaugifzoyb.supabase.co/rest/v1/orders?select=*%2Corder_items%28*%2Cproduct%3Aproducts%28*%29%29&company_id=eq.00000000-0000-0000-0000-000000000001&order=created_at.desc&limit=100:0
[ 2684651ms] [ERROR] Admin orders fetch error: {message: TypeError: Failed to fetch, details: TypeError: Failed to fetch
    at http://localhost…lse&lazy=true&transform.routerRoot=app:202542:13), hint: , code: } @ http://localhost:8081/node_modules/expo-router/entry.bundle?platform=web&dev=true&hot=false&lazy=true&transform.routerRoot=app:901
[ 2684652ms] [ERROR] Failed to load resource: net::ERR_NAME_NOT_RESOLVED @ https://zqubwvhstobaugifzoyb.supabase.co/rest/v1/orders?select=id%2Cdisplay_code%2Ccustomer_name%2Ccustomer_phone%2Ctotal_amount%2Corder_type%2Cdelivery_address%2Ctable_number%2Ccreated_at&company_id=eq.00000000-0000-0000-0000-000000000001&status=eq.pending&order=created_at.asc&limit=20:0
[ 2684652ms] [ERROR] [OrderNotification] pending fetch failed: {message: TypeError: Failed to fetch, details: TypeError: Failed to fetch
    at http://localhost…alse&lazy=true&transform.routerRoot=app:203393:26, hint: , code: } @ http://localhost:8081/node_modules/expo-router/entry.bundle?platform=web&dev=true&hot=false&lazy=true&transform.routerRoot=app:901
[ 2684790ms] [ERROR] Failed to load resource: net::ERR_NAME_NOT_RESOLVED @ https://zqubwvhstobaugifzoyb.supabase.co/rest/v1/orders?select=id%2Cdisplay_code%2Ccustomer_name%2Ccustomer_phone%2Ctotal_amount%2Corder_type%2Cdelivery_address%2Ctable_number%2Ccreated_at&company_id=eq.00000000-0000-0000-0000-000000000001&status=eq.pending&order=created_at.asc&limit=20:0
[ 2684790ms] [ERROR] [OrderNotification] pending fetch failed: {message: TypeError: Failed to fetch, details: TypeError: Failed to fetch
    at http://localhost…alse&lazy=true&transform.routerRoot=app:203393:26, hint: , code: } @ http://localhost:8081/node_modules/expo-router/entry.bundle?platform=web&dev=true&hot=false&lazy=true&transform.routerRoot=app:901
[ 2684926ms] [ERROR] Failed to load resource: net::ERR_NAME_NOT_RESOLVED @ https://zqubwvhstobaugifzoyb.supabase.co/rest/v1/orders?select=id%2Cdisplay_code%2Ccustomer_name%2Ccustomer_phone%2Ctotal_amount%2Corder_type%2Cdelivery_address%2Ctable_number%2Ccreated_at&company_id=eq.00000000-0000-0000-0000-000000000001&status=eq.pending&order=created_at.asc&limit=20:0
[ 2684927ms] [ERROR] [OrderNotification] pending fetch failed: {message: TypeError: Failed to fetch, details: TypeError: Failed to fetch
    at http://localhost…alse&lazy=true&transform.routerRoot=app:203393:26, hint: , code: } @ http://localhost:8081/node_modules/expo-router/entry.bundle?platform=web&dev=true&hot=false&lazy=true&transform.routerRoot=app:901
[ 2685866ms] [ERROR] Failed to load resource: net::ERR_NAME_NOT_RESOLVED @ https://zqubwvhstobaugifzoyb.supabase.co/rest/v1/orders?select=*%2Corder_items%28*%2Cproduct%3Aproducts%28*%29%29&company_id=eq.00000000-0000-0000-0000-000000000001&order=created_at.desc&limit=100:0
[ 2685866ms] [ERROR] Admin orders fetch error: {message: TypeError: Failed to fetch, details: TypeError: Failed to fetch
    at http://localhost…lse&lazy=true&transform.routerRoot=app:202542:13), hint: , code: } @ http://localhost:8081/node_modules/expo-router/entry.bundle?platform=web&dev=true&hot=false&lazy=true&transform.routerRoot=app:901
[ 2688358ms] [ERROR] Failed to load resource: net::ERR_NAME_NOT_RESOLVED @ https://zqubwvhstobaugifzoyb.supabase.co/rest/v1/orders?select=*%2Corder_items%28*%2Cproduct%3Aproducts%28*%29%29&company_id=eq.00000000-0000-0000-0000-000000000001&order=created_at.desc&limit=100:0
[ 2688359ms] [ERROR] Admin orders fetch error: {message: TypeError: Failed to fetch, details: TypeError: Failed to fetch
    at http://localhost…lse&lazy=true&transform.routerRoot=app:202542:13), hint: , code: } @ http://localhost:8081/node_modules/expo-router/entry.bundle?platform=web&dev=true&hot=false&lazy=true&transform.routerRoot=app:901
[ 2688446ms] [ERROR] Failed to load resource: net::ERR_NAME_NOT_RESOLVED @ https://zqubwvhstobaugifzoyb.supabase.co/rest/v1/orders?select=id%2Ccreated_at%2Cstatus%2Ctotal_amount%2Ccustomer_name%2Cdecline_reason_preset%2Cdecline_reason_note&company_id=eq.00000000-0000-0000-0000-000000000001&status=in.%28pending%2Cpreparing%2Cready%2Ccancelled%29&order=created_at.desc&limit=12:0
[ 2688446ms] [ERROR] Failed to load resource: net::ERR_NAME_NOT_RESOLVED @ https://zqubwvhstobaugifzoyb.supabase.co/rest/v1/orders?select=*%2Corder_items%28*%2Cproduct%3Aproducts%28*%29%29&company_id=eq.00000000-0000-0000-0000-000000000001&order=created_at.asc&status=in.%28pending%2Cpreparing%2Cready%29:0
[ 2688446ms] [ERROR] Kitchen orders fetch error: {message: TypeError: Failed to fetch, details: TypeError: Failed to fetch
    at http://localhost…lse&lazy=true&transform.routerRoot=app:150369:13), hint: , code: } @ http://localhost:8081/node_modules/expo-router/entry.bundle?platform=web&dev=true&hot=false&lazy=true&transform.routerRoot=app:901
[ 2688723ms] [ERROR] Failed to load resource: net::ERR_NAME_NOT_RESOLVED @ https://zqubwvhstobaugifzoyb.supabase.co/rest/v1/orders?select=id%2Ctotal_amount&company_id=eq.00000000-0000-0000-0000-000000000001&created_at=gte.2026-09-01T22%3A00%3A00.000Z:0
[ 2688723ms] [ERROR] Failed to load resource: net::ERR_NAME_NOT_RESOLVED @ https://zqubwvhstobaugifzoyb.supabase.co/rest/v1/orders?select=id&company_id=eq.00000000-0000-0000-0000-000000000001&status=in.%28pending%2Cpreparing%29:0
[ 2688723ms] [ERROR] Failed to load resource: net::ERR_NAME_NOT_RESOLVED @ https://zqubwvhstobaugifzoyb.supabase.co/rest/v1/products?select=id&company_id=eq.00000000-0000-0000-0000-000000000001&active=eq.true:0
[ 2688723ms] [ERROR] Failed to load resource: net::ERR_NAME_NOT_RESOLVED @ https://zqubwvhstobaugifzoyb.supabase.co/rest/v1/orders?select=created_at%2Cstatus&company_id=eq.00000000-0000-0000-0000-000000000001&created_at=gte.2026-08-26T22%3A00%3A00.000Z:0
[ 2688724ms] [ERROR] Failed to load resource: net::ERR_NAME_NOT_RESOLVED @ https://zqubwvhstobaugifzoyb.supabase.co/rest/v1/orders?select=created_at%2Ctotal_amount%2Cstatus%2Corder_type&company_id=eq.00000000-0000-0000-0000-000000000001&created_at=gte.2026-07-29T22%3A00%3A00.000Z:0
[ 2689661ms] [ERROR] Failed to load resource: net::ERR_NAME_NOT_RESOLVED @ https://zqubwvhstobaugifzoyb.supabase.co/rest/v1/orders?select=id%2Ccreated_at%2Cstatus%2Ctotal_amount%2Ccustomer_name%2Cdecline_reason_preset%2Cdecline_reason_note&company_id=eq.00000000-0000-0000-0000-000000000001&status=in.%28pending%2Cpreparing%2Cready%2Ccancelled%29&order=created_at.desc&limit=12:0
[ 2689662ms] [ERROR] Failed to load resource: net::ERR_NAME_NOT_RESOLVED @ https://zqubwvhstobaugifzoyb.supabase.co/rest/v1/orders?select=*%2Corder_items%28*%2Cproduct%3Aproducts%28*%29%29&company_id=eq.00000000-0000-0000-0000-000000000001&order=created_at.asc&status=in.%28pending%2Cpreparing%2Cready%29:0
[ 2689662ms] [ERROR] Kitchen orders fetch error: {message: TypeError: Failed to fetch, details: TypeError: Failed to fetch
    at http://localhost…lse&lazy=true&transform.routerRoot=app:150369:13), hint: , code: } @ http://localhost:8081/node_modules/expo-router/entry.bundle?platform=web&dev=true&hot=false&lazy=true&transform.routerRoot=app:901
[ 2691458ms] [ERROR] Failed to load resource: net::ERR_NAME_NOT_RESOLVED @ https://zqubwvhstobaugifzoyb.supabase.co/rest/v1/orders?select=id%2Cdisplay_code%2Ccustomer_name%2Ccustomer_phone%2Ctotal_amount%2Corder_type%2Cdelivery_address%2Ctable_number%2Ccreated_at&company_id=eq.00000000-0000-0000-0000-000000000001&status=eq.pending&order=created_at.asc&limit=20:0
[ 2691458ms] [ERROR] [OrderNotification] pending fetch failed: {message: TypeError: Failed to fetch, details: TypeError: Failed to fetch
    at http://localhost…alse&lazy=true&transform.routerRoot=app:203393:26, hint: , code: } @ http://localhost:8081/node_modules/expo-router/entry.bundle?platform=web&dev=true&hot=false&lazy=true&transform.routerRoot=app:901
[ 2691875ms] [ERROR] Failed to load resource: net::ERR_NAME_NOT_RESOLVED @ https://zqubwvhstobaugifzoyb.supabase.co/rest/v1/orders?select=id%2Ccreated_at%2Cstatus%2Ctotal_amount%2Ccustomer_name%2Cdecline_reason_preset%2Cdecline_reason_note&company_id=eq.00000000-0000-0000-0000-000000000001&status=in.%28pending%2Cpreparing%2Cready%2Ccancelled%29&order=created_at.desc&limit=12:0
[ 2691875ms] [ERROR] Failed to load resource: net::ERR_NAME_NOT_RESOLVED @ https://zqubwvhstobaugifzoyb.supabase.co/rest/v1/orders?select=*%2Corder_items%28*%2Cproduct%3Aproducts%28*%29%29&company_id=eq.00000000-0000-0000-0000-000000000001&order=created_at.asc&status=in.%28pending%2Cpreparing%2Cready%29:0
[ 2691875ms] [ERROR] Kitchen orders fetch error: {message: TypeError: Failed to fetch, details: TypeError: Failed to fetch
    at http://localhost…lse&lazy=true&transform.routerRoot=app:150369:13), hint: , code: } @ http://localhost:8081/node_modules/expo-router/entry.bundle?platform=web&dev=true&hot=false&lazy=true&transform.routerRoot=app:901
[ 2692494ms] [ERROR] Failed to load resource: net::ERR_NAME_NOT_RESOLVED @ https://zqubwvhstobaugifzoyb.supabase.co/rest/v1/orders?select=*%2Corder_items%28*%2Cproduct%3Aproducts%28*%29%29&company_id=eq.00000000-0000-0000-0000-000000000001&order=created_at.desc&limit=100:0
[ 2692495ms] [ERROR] Admin orders fetch error: {message: TypeError: Failed to fetch, details: TypeError: Failed to fetch
    at http://localhost…lse&lazy=true&transform.routerRoot=app:202542:13), hint: , code: } @ http://localhost:8081/node_modules/expo-router/entry.bundle?platform=web&dev=true&hot=false&lazy=true&transform.routerRoot=app:901
[ 2694712ms] [ERROR] WebSocket connection to 'wss://zqubwvhstobaugifzoyb.supabase.co/realtime/v1/websocket?apikey=eyJhbGciOiJIUzI1NiIsInR5cCI6IkpXVCJ9.eyJpc3MiOiJzdXBhYmFzZSIsInJlZiI6InpxdWJ3dmhzdG9iYXVnaWZ6b3liIiwicm9sZSI6ImFub24iLCJpYXQiOjE3Njg0MDg3OTksImV4cCI6MjA4Mzk4NDc5OX0.IWQDg4CNo8UHVMkFhXVkDG1O1IxoADpMX938kapr-SE&vsn=1.0.0' failed: Error in connection establishment: net::ERR_NAME_NOT_RESOLVED @ http://localhost:8081/node_modules/expo-router/entry.bundle?platform=web&dev=true&hot=false&lazy=true&transform.routerRoot=app:99787
[ 2694919ms] [ERROR] Failed to load resource: net::ERR_NAME_NOT_RESOLVED @ https://zqubwvhstobaugifzoyb.supabase.co/rest/v1/orders?select=id%2Cdisplay_code%2Ccustomer_name%2Ccustomer_phone%2Ctotal_amount%2Corder_type%2Cdelivery_address%2Ctable_number%2Ccreated_at&company_id=eq.00000000-0000-0000-0000-000000000001&status=eq.pending&order=created_at.asc&limit=20:0
[ 2694919ms] [ERROR] [OrderNotification] pending fetch failed: {message: TypeError: Failed to fetch, details: TypeError: Failed to fetch
    at http://localhost…alse&lazy=true&transform.routerRoot=app:203393:26, hint: , code: } @ http://localhost:8081/node_modules/expo-router/entry.bundle?platform=web&dev=true&hot=false&lazy=true&transform.routerRoot=app:901
[ 2695060ms] [ERROR] Failed to load resource: net::ERR_NAME_NOT_RESOLVED @ https://zqubwvhstobaugifzoyb.supabase.co/rest/v1/orders?select=id%2Cdisplay_code%2Ccustomer_name%2Ccustomer_phone%2Ctotal_amount%2Corder_type%2Cdelivery_address%2Ctable_number%2Ccreated_at&company_id=eq.00000000-0000-0000-0000-000000000001&status=eq.pending&order=created_at.asc&limit=20:0
[ 2695060ms] [ERROR] [OrderNotification] pending fetch failed: {message: TypeError: Failed to fetch, details: TypeError: Failed to fetch
    at http://localhost…alse&lazy=true&transform.routerRoot=app:203393:26, hint: , code: } @ http://localhost:8081/node_modules/expo-router/entry.bundle?platform=web&dev=true&hot=false&lazy=true&transform.routerRoot=app:901
[ 2696332ms] [ERROR] Failed to load resource: net::ERR_NAME_NOT_RESOLVED @ https://zqubwvhstobaugifzoyb.supabase.co/rest/v1/orders?select=id%2Ccreated_at%2Cstatus%2Ctotal_amount%2Ccustomer_name%2Cdecline_reason_preset%2Cdecline_reason_note&company_id=eq.00000000-0000-0000-0000-000000000001&status=in.%28pending%2Cpreparing%2Cready%2Ccancelled%29&order=created_at.desc&limit=12:0
[ 2696333ms] [ERROR] Failed to load resource: net::ERR_NAME_NOT_RESOLVED @ https://zqubwvhstobaugifzoyb.supabase.co/rest/v1/orders?select=*%2Corder_items%28*%2Cproduct%3Aproducts%28*%29%29&company_id=eq.00000000-0000-0000-0000-000000000001&order=created_at.asc&status=in.%28pending%2Cpreparing%2Cready%29:0
[ 2696333ms] [ERROR] Kitchen orders fetch error: {message: TypeError: Failed to fetch, details: TypeError: Failed to fetch
    at http://localhost…lse&lazy=true&transform.routerRoot=app:150369:13), hint: , code: } @ http://localhost:8081/node_modules/expo-router/entry.bundle?platform=web&dev=true&hot=false&lazy=true&transform.routerRoot=app:901
[ 2698943ms] [ERROR] Failed to load resource: net::ERR_NAME_NOT_RESOLVED @ https://zqubwvhstobaugifzoyb.supabase.co/rest/v1/orders?select=id%2Ctotal_amount&company_id=eq.00000000-0000-0000-0000-000000000001&created_at=gte.2026-09-01T22%3A00%3A00.000Z:0
[ 2698943ms] [ERROR] Failed to load resource: net::ERR_NAME_NOT_RESOLVED @ https://zqubwvhstobaugifzoyb.supabase.co/rest/v1/orders?select=id&company_id=eq.00000000-0000-0000-0000-000000000001&status=in.%28pending%2Cpreparing%29:0
[ 2698943ms] [ERROR] Failed to load resource: net::ERR_NAME_NOT_RESOLVED @ https://zqubwvhstobaugifzoyb.supabase.co/rest/v1/products?select=id&company_id=eq.00000000-0000-0000-0000-000000000001&active=eq.true:0
[ 2698943ms] [ERROR] Failed to load resource: net::ERR_NAME_NOT_RESOLVED @ https://zqubwvhstobaugifzoyb.supabase.co/rest/v1/orders?select=created_at%2Cstatus&company_id=eq.00000000-0000-0000-0000-000000000001&created_at=gte.2026-08-26T22%3A00%3A00.000Z:0
[ 2698943ms] [ERROR] Failed to load resource: net::ERR_NAME_NOT_RESOLVED @ https://zqubwvhstobaugifzoyb.supabase.co/rest/v1/orders?select=created_at%2Ctotal_amount%2Cstatus%2Corder_type&company_id=eq.00000000-0000-0000-0000-000000000001&created_at=gte.2026-07-29T22%3A00%3A00.000Z:0
[ 2700282ms] [ERROR] Failed to load resource: net::ERR_NAME_NOT_RESOLVED @ https://zqubwvhstobaugifzoyb.supabase.co/rest/v1/products?select=id&company_id=eq.00000000-0000-0000-0000-000000000001&active=eq.true:0
[ 2700282ms] [ERROR] Failed to load resource: net::ERR_NAME_NOT_RESOLVED @ https://zqubwvhstobaugifzoyb.supabase.co/rest/v1/orders?select=id&company_id=eq.00000000-0000-0000-0000-000000000001&status=in.%28pending%2Cpreparing%29:0
[ 2700282ms] [ERROR] Failed to load resource: net::ERR_NAME_NOT_RESOLVED @ https://zqubwvhstobaugifzoyb.supabase.co/rest/v1/orders?select=created_at%2Cstatus&company_id=eq.00000000-0000-0000-0000-000000000001&created_at=gte.2026-08-26T22%3A00%3A00.000Z:0
[ 2700282ms] [ERROR] Failed to load resource: net::ERR_NAME_NOT_RESOLVED @ https://zqubwvhstobaugifzoyb.supabase.co/rest/v1/orders?select=id%2Ctotal_amount&company_id=eq.00000000-0000-0000-0000-000000000001&created_at=gte.2026-09-01T22%3A00%3A00.000Z:0
[ 2700282ms] [ERROR] Failed to load resource: net::ERR_NAME_NOT_RESOLVED @ https://zqubwvhstobaugifzoyb.supabase.co/rest/v1/orders?select=created_at%2Ctotal_amount%2Cstatus%2Corder_type&company_id=eq.00000000-0000-0000-0000-000000000001&created_at=gte.2026-07-29T22%3A00%3A00.000Z:0
[ 2701425ms] [ERROR] Failed to load resource: net::ERR_NAME_NOT_RESOLVED @ https://zqubwvhstobaugifzoyb.supabase.co/rest/v1/orders?select=id%2Cdisplay_code%2Ccustomer_name%2Ccustomer_phone%2Ctotal_amount%2Corder_type%2Cdelivery_address%2Ctable_number%2Ccreated_at&company_id=eq.00000000-0000-0000-0000-000000000001&status=eq.pending&order=created_at.asc&limit=20:0
[ 2701426ms] [ERROR] [OrderNotification] pending fetch failed: {message: TypeError: Failed to fetch, details: TypeError: Failed to fetch
    at http://localhost…alse&lazy=true&transform.routerRoot=app:203393:26, hint: , code: } @ http://localhost:8081/node_modules/expo-router/entry.bundle?platform=web&dev=true&hot=false&lazy=true&transform.routerRoot=app:901
[ 2702448ms] [ERROR] Failed to load resource: net::ERR_NAME_NOT_RESOLVED @ https://zqubwvhstobaugifzoyb.supabase.co/rest/v1/orders?select=id&company_id=eq.00000000-0000-0000-0000-000000000001&status=in.%28pending%2Cpreparing%29:0
[ 2702448ms] [ERROR] Failed to load resource: net::ERR_NAME_NOT_RESOLVED @ https://zqubwvhstobaugifzoyb.supabase.co/rest/v1/orders?select=created_at%2Cstatus&company_id=eq.00000000-0000-0000-0000-000000000001&created_at=gte.2026-08-26T22%3A00%3A00.000Z:0
[ 2702448ms] [ERROR] Failed to load resource: net::ERR_NAME_NOT_RESOLVED @ https://zqubwvhstobaugifzoyb.supabase.co/rest/v1/orders?select=id%2Ctotal_amount&company_id=eq.00000000-0000-0000-0000-000000000001&created_at=gte.2026-09-01T22%3A00%3A00.000Z:0
[ 2702448ms] [ERROR] Failed to load resource: net::ERR_NAME_NOT_RESOLVED @ https://zqubwvhstobaugifzoyb.supabase.co/rest/v1/products?select=id&company_id=eq.00000000-0000-0000-0000-000000000001&active=eq.true:0
[ 2702448ms] [ERROR] Failed to load resource: net::ERR_NAME_NOT_RESOLVED @ https://zqubwvhstobaugifzoyb.supabase.co/rest/v1/orders?select=created_at%2Ctotal_amount%2Cstatus%2Corder_type&company_id=eq.00000000-0000-0000-0000-000000000001&created_at=gte.2026-07-29T22%3A00%3A00.000Z:0
[ 2704845ms] [ERROR] WebSocket connection to 'wss://zqubwvhstobaugifzoyb.supabase.co/realtime/v1/websocket?apikey=eyJhbGciOiJIUzI1NiIsInR5cCI6IkpXVCJ9.eyJpc3MiOiJzdXBhYmFzZSIsInJlZiI6InpxdWJ3dmhzdG9iYXVnaWZ6b3liIiwicm9sZSI6ImFub24iLCJpYXQiOjE3Njg0MDg3OTksImV4cCI6MjA4Mzk4NDc5OX0.IWQDg4CNo8UHVMkFhXVkDG1O1IxoADpMX938kapr-SE&vsn=1.0.0' failed: Error in connection establishment: net::ERR_NAME_NOT_RESOLVED @ http://localhost:8081/node_modules/expo-router/entry.bundle?platform=web&dev=true&hot=false&lazy=true&transform.routerRoot=app:99787
[ 2705085ms] [ERROR] Failed to load resource: net::ERR_NAME_NOT_RESOLVED @ https://zqubwvhstobaugifzoyb.supabase.co/rest/v1/orders?select=id%2Cdisplay_code%2Ccustomer_name%2Ccustomer_phone%2Ctotal_amount%2Corder_type%2Cdelivery_address%2Ctable_number%2Ccreated_at&company_id=eq.00000000-0000-0000-0000-000000000001&status=eq.pending&order=created_at.asc&limit=20:0
[ 2705085ms] [ERROR] [OrderNotification] pending fetch failed: {message: TypeError: Failed to fetch, details: TypeError: Failed to fetch
    at http://localhost…alse&lazy=true&transform.routerRoot=app:203393:26, hint: , code: } @ http://localhost:8081/node_modules/expo-router/entry.bundle?platform=web&dev=true&hot=false&lazy=true&transform.routerRoot=app:901
[ 2705235ms] [ERROR] Failed to load resource: net::ERR_NAME_NOT_RESOLVED @ https://zqubwvhstobaugifzoyb.supabase.co/rest/v1/orders?select=id%2Cdisplay_code%2Ccustomer_name%2Ccustomer_phone%2Ctotal_amount%2Corder_type%2Cdelivery_address%2Ctable_number%2Ccreated_at&company_id=eq.00000000-0000-0000-0000-000000000001&status=eq.pending&order=created_at.asc&limit=20:0
[ 2705235ms] [ERROR] [OrderNotification] pending fetch failed: {message: TypeError: Failed to fetch, details: TypeError: Failed to fetch
    at http://localhost…alse&lazy=true&transform.routerRoot=app:203393:26, hint: , code: } @ http://localhost:8081/node_modules/expo-router/entry.bundle?platform=web&dev=true&hot=false&lazy=true&transform.routerRoot=app:901
[ 2706513ms] [ERROR] Failed to load resource: net::ERR_NAME_NOT_RESOLVED @ https://zqubwvhstobaugifzoyb.supabase.co/rest/v1/orders?select=id%2Ccreated_at%2Cstatus%2Ctotal_amount%2Ccustomer_name%2Cdecline_reason_preset%2Cdecline_reason_note&company_id=eq.00000000-0000-0000-0000-000000000001&status=in.%28pending%2Cpreparing%2Cready%2Ccancelled%29&order=created_at.desc&limit=12:0
[ 2706513ms] [ERROR] Failed to load resource: net::ERR_NAME_NOT_RESOLVED @ https://zqubwvhstobaugifzoyb.supabase.co/rest/v1/orders?select=*%2Corder_items%28*%2Cproduct%3Aproducts%28*%29%29&company_id=eq.00000000-0000-0000-0000-000000000001&order=created_at.asc&status=in.%28pending%2Cpreparing%2Cready%29:0
[ 2706513ms] [ERROR] Kitchen orders fetch error: {message: TypeError: Failed to fetch, details: TypeError: Failed to fetch
    at http://localhost…lse&lazy=true&transform.routerRoot=app:150369:13), hint: , code: } @ http://localhost:8081/node_modules/expo-router/entry.bundle?platform=web&dev=true&hot=false&lazy=true&transform.routerRoot=app:901
[ 2706575ms] [ERROR] Failed to load resource: net::ERR_NAME_NOT_RESOLVED @ https://zqubwvhstobaugifzoyb.supabase.co/rest/v1/orders?select=id%2Ctotal_amount&company_id=eq.00000000-0000-0000-0000-000000000001&created_at=gte.2026-09-01T22%3A00%3A00.000Z:0
[ 2706575ms] [ERROR] Failed to load resource: net::ERR_NAME_NOT_RESOLVED @ https://zqubwvhstobaugifzoyb.supabase.co/rest/v1/orders?select=id&company_id=eq.00000000-0000-0000-0000-000000000001&status=in.%28pending%2Cpreparing%29:0
[ 2706575ms] [ERROR] Failed to load resource: net::ERR_NAME_NOT_RESOLVED @ https://zqubwvhstobaugifzoyb.supabase.co/rest/v1/products?select=id&company_id=eq.00000000-0000-0000-0000-000000000001&active=eq.true:0
[ 2706575ms] [ERROR] Failed to load resource: net::ERR_NAME_NOT_RESOLVED @ https://zqubwvhstobaugifzoyb.supabase.co/rest/v1/orders?select=created_at%2Cstatus&company_id=eq.00000000-0000-0000-0000-000000000001&created_at=gte.2026-08-26T22%3A00%3A00.000Z:0
[ 2706575ms] [ERROR] Failed to load resource: net::ERR_NAME_NOT_RESOLVED @ https://zqubwvhstobaugifzoyb.supabase.co/rest/v1/orders?select=created_at%2Ctotal_amount%2Cstatus%2Corder_type&company_id=eq.00000000-0000-0000-0000-000000000001&created_at=gte.2026-07-29T22%3A00%3A00.000Z:0
[ 2707684ms] [ERROR] Failed to load resource: net::ERR_NAME_NOT_RESOLVED @ https://zqubwvhstobaugifzoyb.supabase.co/rest/v1/orders?select=id%2Ccreated_at%2Cstatus%2Ctotal_amount%2Ccustomer_name%2Cdecline_reason_preset%2Cdecline_reason_note&company_id=eq.00000000-0000-0000-0000-000000000001&status=in.%28pending%2Cpreparing%2Cready%2Ccancelled%29&order=created_at.desc&limit=12:0
[ 2707685ms] [ERROR] Failed to load resource: net::ERR_NAME_NOT_RESOLVED @ https://zqubwvhstobaugifzoyb.supabase.co/rest/v1/orders?select=*%2Corder_items%28*%2Cproduct%3Aproducts%28*%29%29&company_id=eq.00000000-0000-0000-0000-000000000001&order=created_at.asc&status=in.%28pending%2Cpreparing%2Cready%29:0
[ 2707685ms] [ERROR] Kitchen orders fetch error: {message: TypeError: Failed to fetch, details: TypeError: Failed to fetch
    at http://localhost…lse&lazy=true&transform.routerRoot=app:150369:13), hint: , code: } @ http://localhost:8081/node_modules/expo-router/entry.bundle?platform=web&dev=true&hot=false&lazy=true&transform.routerRoot=app:901
[ 2710047ms] [ERROR] Failed to load resource: net::ERR_NAME_NOT_RESOLVED @ https://zqubwvhstobaugifzoyb.supabase.co/rest/v1/orders?select=id%2Ccreated_at%2Cstatus%2Ctotal_amount%2Ccustomer_name%2Cdecline_reason_preset%2Cdecline_reason_note&company_id=eq.00000000-0000-0000-0000-000000000001&status=in.%28pending%2Cpreparing%2Cready%2Ccancelled%29&order=created_at.desc&limit=12:0
[ 2710048ms] [ERROR] Failed to load resource: net::ERR_NAME_NOT_RESOLVED @ https://zqubwvhstobaugifzoyb.supabase.co/rest/v1/orders?select=*%2Corder_items%28*%2Cproduct%3Aproducts%28*%29%29&company_id=eq.00000000-0000-0000-0000-000000000001&order=created_at.asc&status=in.%28pending%2Cpreparing%2Cready%29:0
[ 2710048ms] [ERROR] Kitchen orders fetch error: {message: TypeError: Failed to fetch, details: TypeError: Failed to fetch
    at http://localhost…lse&lazy=true&transform.routerRoot=app:150369:13), hint: , code: } @ http://localhost:8081/node_modules/expo-router/entry.bundle?platform=web&dev=true&hot=false&lazy=true&transform.routerRoot=app:901
[ 2711284ms] [ERROR] Failed to load resource: net::ERR_NAME_NOT_RESOLVED @ https://zqubwvhstobaugifzoyb.supabase.co/rest/v1/orders?select=id%2Cdisplay_code%2Ccustomer_name%2Ccustomer_phone%2Ctotal_amount%2Corder_type%2Cdelivery_address%2Ctable_number%2Ccreated_at&company_id=eq.00000000-0000-0000-0000-000000000001&status=eq.pending&order=created_at.asc&limit=20:0
[ 2711284ms] [ERROR] [OrderNotification] pending fetch failed: {message: TypeError: Failed to fetch, details: TypeError: Failed to fetch
    at http://localhost…alse&lazy=true&transform.routerRoot=app:203393:26, hint: , code: } @ http://localhost:8081/node_modules/expo-router/entry.bundle?platform=web&dev=true&hot=false&lazy=true&transform.routerRoot=app:901
[ 2714381ms] [ERROR] Failed to load resource: net::ERR_NAME_NOT_RESOLVED @ https://zqubwvhstobaugifzoyb.supabase.co/rest/v1/orders?select=id%2Ccreated_at%2Cstatus%2Ctotal_amount%2Ccustomer_name%2Cdecline_reason_preset%2Cdecline_reason_note&company_id=eq.00000000-0000-0000-0000-000000000001&status=in.%28pending%2Cpreparing%2Cready%2Ccancelled%29&order=created_at.desc&limit=12:0
[ 2714382ms] [ERROR] Failed to load resource: net::ERR_NAME_NOT_RESOLVED @ https://zqubwvhstobaugifzoyb.supabase.co/rest/v1/orders?select=*%2Corder_items%28*%2Cproduct%3Aproducts%28*%29%29&company_id=eq.00000000-0000-0000-0000-000000000001&order=created_at.asc&status=in.%28pending%2Cpreparing%2Cready%29:0
[ 2714382ms] [ERROR] Kitchen orders fetch error: {message: TypeError: Failed to fetch, details: TypeError: Failed to fetch
    at http://localhost…lse&lazy=true&transform.routerRoot=app:150369:13), hint: , code: } @ http://localhost:8081/node_modules/expo-router/entry.bundle?platform=web&dev=true&hot=false&lazy=true&transform.routerRoot=app:901
[ 2714975ms] [ERROR] WebSocket connection to 'wss://zqubwvhstobaugifzoyb.supabase.co/realtime/v1/websocket?apikey=eyJhbGciOiJIUzI1NiIsInR5cCI6IkpXVCJ9.eyJpc3MiOiJzdXBhYmFzZSIsInJlZiI6InpxdWJ3dmhzdG9iYXVnaWZ6b3liIiwicm9sZSI6ImFub24iLCJpYXQiOjE3Njg0MDg3OTksImV4cCI6MjA4Mzk4NDc5OX0.IWQDg4CNo8UHVMkFhXVkDG1O1IxoADpMX938kapr-SE&vsn=1.0.0' failed: Error in connection establishment: net::ERR_NAME_NOT_RESOLVED @ http://localhost:8081/node_modules/expo-router/entry.bundle?platform=web&dev=true&hot=false&lazy=true&transform.routerRoot=app:99787
[ 2715122ms] [ERROR] Failed to load resource: net::ERR_NAME_NOT_RESOLVED @ https://zqubwvhstobaugifzoyb.supabase.co/rest/v1/orders?select=id%2Cdisplay_code%2Ccustomer_name%2Ccustomer_phone%2Ctotal_amount%2Corder_type%2Cdelivery_address%2Ctable_number%2Ccreated_at&company_id=eq.00000000-0000-0000-0000-000000000001&status=eq.pending&order=created_at.asc&limit=20:0
[ 2715123ms] [ERROR] [OrderNotification] pending fetch failed: {message: TypeError: Failed to fetch, details: TypeError: Failed to fetch
    at http://localhost…alse&lazy=true&transform.routerRoot=app:203393:26, hint: , code: } @ http://localhost:8081/node_modules/expo-router/entry.bundle?platform=web&dev=true&hot=false&lazy=true&transform.routerRoot=app:901
[ 2715285ms] [ERROR] Failed to load resource: net::ERR_NAME_NOT_RESOLVED @ https://zqubwvhstobaugifzoyb.supabase.co/rest/v1/orders?select=id%2Cdisplay_code%2Ccustomer_name%2Ccustomer_phone%2Ctotal_amount%2Corder_type%2Cdelivery_address%2Ctable_number%2Ccreated_at&company_id=eq.00000000-0000-0000-0000-000000000001&status=eq.pending&order=created_at.asc&limit=20:0
[ 2715286ms] [ERROR] [OrderNotification] pending fetch failed: {message: TypeError: Failed to fetch, details: TypeError: Failed to fetch
    at http://localhost…alse&lazy=true&transform.routerRoot=app:203393:26, hint: , code: } @ http://localhost:8081/node_modules/expo-router/entry.bundle?platform=web&dev=true&hot=false&lazy=true&transform.routerRoot=app:901
[ 2716773ms] [ERROR] Failed to load resource: net::ERR_NAME_NOT_RESOLVED @ https://zqubwvhstobaugifzoyb.supabase.co/rest/v1/orders?select=id%2Ctotal_amount&company_id=eq.00000000-0000-0000-0000-000000000001&created_at=gte.2026-09-01T22%3A00%3A00.000Z:0
[ 2716774ms] [ERROR] Failed to load resource: net::ERR_NAME_NOT_RESOLVED @ https://zqubwvhstobaugifzoyb.supabase.co/rest/v1/orders?select=id&company_id=eq.00000000-0000-0000-0000-000000000001&status=in.%28pending%2Cpreparing%29:0
[ 2716774ms] [ERROR] Failed to load resource: net::ERR_NAME_NOT_RESOLVED @ https://zqubwvhstobaugifzoyb.supabase.co/rest/v1/products?select=id&company_id=eq.00000000-0000-0000-0000-000000000001&active=eq.true:0
[ 2716774ms] [ERROR] Failed to load resource: net::ERR_NAME_NOT_RESOLVED @ https://zqubwvhstobaugifzoyb.supabase.co/rest/v1/orders?select=created_at%2Cstatus&company_id=eq.00000000-0000-0000-0000-000000000001&created_at=gte.2026-08-26T22%3A00%3A00.000Z:0
[ 2716774ms] [ERROR] Failed to load resource: net::ERR_NAME_NOT_RESOLVED @ https://zqubwvhstobaugifzoyb.supabase.co/rest/v1/orders?select=created_at%2Ctotal_amount%2Cstatus%2Corder_type&company_id=eq.00000000-0000-0000-0000-000000000001&created_at=gte.2026-07-29T22%3A00%3A00.000Z:0
[ 2718314ms] [ERROR] Failed to load resource: net::ERR_NAME_NOT_RESOLVED @ https://zqubwvhstobaugifzoyb.supabase.co/rest/v1/orders?select=created_at%2Cstatus&company_id=eq.00000000-0000-0000-0000-000000000001&created_at=gte.2026-08-26T22%3A00%3A00.000Z:0
[ 2718314ms] [ERROR] Failed to load resource: net::ERR_NAME_NOT_RESOLVED @ https://zqubwvhstobaugifzoyb.supabase.co/rest/v1/orders?select=id&company_id=eq.00000000-0000-0000-0000-000000000001&status=in.%28pending%2Cpreparing%29:0
[ 2718314ms] [ERROR] Failed to load resource: net::ERR_NAME_NOT_RESOLVED @ https://zqubwvhstobaugifzoyb.supabase.co/rest/v1/orders?select=id%2Ctotal_amount&company_id=eq.00000000-0000-0000-0000-000000000001&created_at=gte.2026-09-01T22%3A00%3A00.000Z:0
[ 2718314ms] [ERROR] Failed to load resource: net::ERR_NAME_NOT_RESOLVED @ https://zqubwvhstobaugifzoyb.supabase.co/rest/v1/products?select=id&company_id=eq.00000000-0000-0000-0000-000000000001&active=eq.true:0
[ 2718314ms] [ERROR] Failed to load resource: net::ERR_NAME_NOT_RESOLVED @ https://zqubwvhstobaugifzoyb.supabase.co/rest/v1/orders?select=created_at%2Ctotal_amount%2Cstatus%2Corder_type&company_id=eq.00000000-0000-0000-0000-000000000001&created_at=gte.2026-07-29T22%3A00%3A00.000Z:0
[ 2720459ms] [ERROR] Failed to load resource: net::ERR_NAME_NOT_RESOLVED @ https://zqubwvhstobaugifzoyb.supabase.co/rest/v1/orders?select=id%2Ctotal_amount&company_id=eq.00000000-0000-0000-0000-000000000001&created_at=gte.2026-09-01T22%3A00%3A00.000Z:0
[ 2720459ms] [ERROR] Failed to load resource: net::ERR_NAME_NOT_RESOLVED @ https://zqubwvhstobaugifzoyb.supabase.co/rest/v1/orders?select=id&company_id=eq.00000000-0000-0000-0000-000000000001&status=in.%28pending%2Cpreparing%29:0
[ 2720460ms] [ERROR] Failed to load resource: net::ERR_NAME_NOT_RESOLVED @ https://zqubwvhstobaugifzoyb.supabase.co/rest/v1/products?select=id&company_id=eq.00000000-0000-0000-0000-000000000001&active=eq.true:0
[ 2720460ms] [ERROR] Failed to load resource: net::ERR_NAME_NOT_RESOLVED @ https://zqubwvhstobaugifzoyb.supabase.co/rest/v1/orders?select=created_at%2Cstatus&company_id=eq.00000000-0000-0000-0000-000000000001&created_at=gte.2026-08-26T22%3A00%3A00.000Z:0
[ 2720460ms] [ERROR] Failed to load resource: net::ERR_NAME_NOT_RESOLVED @ https://zqubwvhstobaugifzoyb.supabase.co/rest/v1/orders?select=created_at%2Ctotal_amount%2Cstatus%2Corder_type&company_id=eq.00000000-0000-0000-0000-000000000001&created_at=gte.2026-07-29T22%3A00%3A00.000Z:0
[ 2721286ms] [ERROR] Failed to load resource: net::ERR_NAME_NOT_RESOLVED @ https://zqubwvhstobaugifzoyb.supabase.co/rest/v1/orders?select=id%2Cdisplay_code%2Ccustomer_name%2Ccustomer_phone%2Ctotal_amount%2Corder_type%2Cdelivery_address%2Ctable_number%2Ccreated_at&company_id=eq.00000000-0000-0000-0000-000000000001&status=eq.pending&order=created_at.asc&limit=20:0
[ 2721286ms] [ERROR] [OrderNotification] pending fetch failed: {message: TypeError: Failed to fetch, details: TypeError: Failed to fetch
    at http://localhost…alse&lazy=true&transform.routerRoot=app:203393:26, hint: , code: } @ http://localhost:8081/node_modules/expo-router/entry.bundle?platform=web&dev=true&hot=false&lazy=true&transform.routerRoot=app:901
[ 2722736ms] [ERROR] Failed to load resource: net::ERR_NAME_NOT_RESOLVED @ https://zqubwvhstobaugifzoyb.supabase.co/rest/v1/orders?select=*%2Corder_items%28*%2Cproduct%3Aproducts%28*%29%29&company_id=eq.00000000-0000-0000-0000-000000000001&order=created_at.desc&limit=100:0
[ 2722736ms] [ERROR] Admin orders fetch error: {message: TypeError: Failed to fetch, details: TypeError: Failed to fetch
    at http://localhost…lse&lazy=true&transform.routerRoot=app:202542:13), hint: , code: } @ http://localhost:8081/node_modules/expo-router/entry.bundle?platform=web&dev=true&hot=false&lazy=true&transform.routerRoot=app:901
[ 2724028ms] [ERROR] Failed to load resource: net::ERR_NAME_NOT_RESOLVED @ https://zqubwvhstobaugifzoyb.supabase.co/rest/v1/orders?select=*%2Corder_items%28*%2Cproduct%3Aproducts%28*%29%29&company_id=eq.00000000-0000-0000-0000-000000000001&order=created_at.desc&limit=100:0
[ 2724029ms] [ERROR] Admin orders fetch error: {message: TypeError: Failed to fetch, details: TypeError: Failed to fetch
    at http://localhost…lse&lazy=true&transform.routerRoot=app:202542:13), hint: , code: } @ http://localhost:8081/node_modules/expo-router/entry.bundle?platform=web&dev=true&hot=false&lazy=true&transform.routerRoot=app:901
[ 2724539ms] [ERROR] Failed to load resource: net::ERR_NAME_NOT_RESOLVED @ https://zqubwvhstobaugifzoyb.supabase.co/rest/v1/orders?select=id%2Ccreated_at%2Cstatus%2Ctotal_amount%2Ccustomer_name%2Cdecline_reason_preset%2Cdecline_reason_note&company_id=eq.00000000-0000-0000-0000-000000000001&status=in.%28pending%2Cpreparing%2Cready%2Ccancelled%29&order=created_at.desc&limit=12:0
[ 2724540ms] [ERROR] Failed to load resource: net::ERR_NAME_NOT_RESOLVED @ https://zqubwvhstobaugifzoyb.supabase.co/rest/v1/orders?select=*%2Corder_items%28*%2Cproduct%3Aproducts%28*%29%29&company_id=eq.00000000-0000-0000-0000-000000000001&order=created_at.asc&status=in.%28pending%2Cpreparing%2Cready%29:0
[ 2724540ms] [ERROR] Kitchen orders fetch error: {message: TypeError: Failed to fetch, details: TypeError: Failed to fetch
    at http://localhost…lse&lazy=true&transform.routerRoot=app:150369:13), hint: , code: } @ http://localhost:8081/node_modules/expo-router/entry.bundle?platform=web&dev=true&hot=false&lazy=true&transform.routerRoot=app:901
[ 2724626ms] [ERROR] Failed to load resource: net::ERR_NAME_NOT_RESOLVED @ https://zqubwvhstobaugifzoyb.supabase.co/rest/v1/orders?select=id%2Ctotal_amount&company_id=eq.00000000-0000-0000-0000-000000000001&created_at=gte.2026-09-01T22%3A00%3A00.000Z:0
[ 2724626ms] [ERROR] Failed to load resource: net::ERR_NAME_NOT_RESOLVED @ https://zqubwvhstobaugifzoyb.supabase.co/rest/v1/orders?select=id&company_id=eq.00000000-0000-0000-0000-000000000001&status=in.%28pending%2Cpreparing%29:0
[ 2724626ms] [ERROR] Failed to load resource: net::ERR_NAME_NOT_RESOLVED @ https://zqubwvhstobaugifzoyb.supabase.co/rest/v1/products?select=id&company_id=eq.00000000-0000-0000-0000-000000000001&active=eq.true:0
[ 2724627ms] [ERROR] Failed to load resource: net::ERR_NAME_NOT_RESOLVED @ https://zqubwvhstobaugifzoyb.supabase.co/rest/v1/orders?select=created_at%2Cstatus&company_id=eq.00000000-0000-0000-0000-000000000001&created_at=gte.2026-08-26T22%3A00%3A00.000Z:0
[ 2724627ms] [ERROR] Failed to load resource: net::ERR_NAME_NOT_RESOLVED @ https://zqubwvhstobaugifzoyb.supabase.co/rest/v1/orders?select=created_at%2Ctotal_amount%2Cstatus%2Corder_type&company_id=eq.00000000-0000-0000-0000-000000000001&created_at=gte.2026-07-29T22%3A00%3A00.000Z:0
[ 2725256ms] [ERROR] WebSocket connection to 'wss://zqubwvhstobaugifzoyb.supabase.co/realtime/v1/websocket?apikey=eyJhbGciOiJIUzI1NiIsInR5cCI6IkpXVCJ9.eyJpc3MiOiJzdXBhYmFzZSIsInJlZiI6InpxdWJ3dmhzdG9iYXVnaWZ6b3liIiwicm9sZSI6ImFub24iLCJpYXQiOjE3Njg0MDg3OTksImV4cCI6MjA4Mzk4NDc5OX0.IWQDg4CNo8UHVMkFhXVkDG1O1IxoADpMX938kapr-SE&vsn=1.0.0' failed: Error in connection establishment: net::ERR_NAME_NOT_RESOLVED @ http://localhost:8081/node_modules/expo-router/entry.bundle?platform=web&dev=true&hot=false&lazy=true&transform.routerRoot=app:99787
[ 2725431ms] [ERROR] Failed to load resource: net::ERR_NAME_NOT_RESOLVED @ https://zqubwvhstobaugifzoyb.supabase.co/rest/v1/orders?select=id%2Cdisplay_code%2Ccustomer_name%2Ccustomer_phone%2Ctotal_amount%2Corder_type%2Cdelivery_address%2Ctable_number%2Ccreated_at&company_id=eq.00000000-0000-0000-0000-000000000001&status=eq.pending&order=created_at.asc&limit=20:0
[ 2725432ms] [ERROR] [OrderNotification] pending fetch failed: {message: TypeError: Failed to fetch, details: TypeError: Failed to fetch
    at http://localhost…alse&lazy=true&transform.routerRoot=app:203393:26, hint: , code: } @ http://localhost:8081/node_modules/expo-router/entry.bundle?platform=web&dev=true&hot=false&lazy=true&transform.routerRoot=app:901
[ 2725581ms] [ERROR] Failed to load resource: net::ERR_NAME_NOT_RESOLVED @ https://zqubwvhstobaugifzoyb.supabase.co/rest/v1/orders?select=id%2Cdisplay_code%2Ccustomer_name%2Ccustomer_phone%2Ctotal_amount%2Corder_type%2Cdelivery_address%2Ctable_number%2Ccreated_at&company_id=eq.00000000-0000-0000-0000-000000000001&status=eq.pending&order=created_at.asc&limit=20:0
[ 2725582ms] [ERROR] [OrderNotification] pending fetch failed: {message: TypeError: Failed to fetch, details: TypeError: Failed to fetch
    at http://localhost…alse&lazy=true&transform.routerRoot=app:203393:26, hint: , code: } @ http://localhost:8081/node_modules/expo-router/entry.bundle?platform=web&dev=true&hot=false&lazy=true&transform.routerRoot=app:901
[ 2725656ms] [ERROR] Failed to load resource: net::ERR_NAME_NOT_RESOLVED @ https://zqubwvhstobaugifzoyb.supabase.co/rest/v1/orders?select=id%2Ccreated_at%2Cstatus%2Ctotal_amount%2Ccustomer_name%2Cdecline_reason_preset%2Cdecline_reason_note&company_id=eq.00000000-0000-0000-0000-000000000001&status=in.%28pending%2Cpreparing%2Cready%2Ccancelled%29&order=created_at.desc&limit=12:0
[ 2725657ms] [ERROR] Failed to load resource: net::ERR_NAME_NOT_RESOLVED @ https://zqubwvhstobaugifzoyb.supabase.co/rest/v1/orders?select=*%2Corder_items%28*%2Cproduct%3Aproducts%28*%29%29&company_id=eq.00000000-0000-0000-0000-000000000001&order=created_at.asc&status=in.%28pending%2Cpreparing%2Cready%29:0
[ 2725657ms] [ERROR] Kitchen orders fetch error: {message: TypeError: Failed to fetch, details: TypeError: Failed to fetch
    at http://localhost…lse&lazy=true&transform.routerRoot=app:150369:13), hint: , code: } @ http://localhost:8081/node_modules/expo-router/entry.bundle?platform=web&dev=true&hot=false&lazy=true&transform.routerRoot=app:901
[ 2726186ms] [ERROR] Failed to load resource: net::ERR_NAME_NOT_RESOLVED @ https://zqubwvhstobaugifzoyb.supabase.co/rest/v1/orders?select=*%2Corder_items%28*%2Cproduct%3Aproducts%28*%29%29&company_id=eq.00000000-0000-0000-0000-000000000001&order=created_at.desc&limit=100:0
[ 2726186ms] [ERROR] Admin orders fetch error: {message: TypeError: Failed to fetch, details: TypeError: Failed to fetch
    at http://localhost…lse&lazy=true&transform.routerRoot=app:202542:13), hint: , code: } @ http://localhost:8081/node_modules/expo-router/entry.bundle?platform=web&dev=true&hot=false&lazy=true&transform.routerRoot=app:901
[ 2727786ms] [ERROR] Failed to load resource: net::ERR_NAME_NOT_RESOLVED @ https://zqubwvhstobaugifzoyb.supabase.co/rest/v1/orders?select=id%2Ccreated_at%2Cstatus%2Ctotal_amount%2Ccustomer_name%2Cdecline_reason_preset%2Cdecline_reason_note&company_id=eq.00000000-0000-0000-0000-000000000001&status=in.%28pending%2Cpreparing%2Cready%2Ccancelled%29&order=created_at.desc&limit=12:0
[ 2727786ms] [ERROR] Failed to load resource: net::ERR_NAME_NOT_RESOLVED @ https://zqubwvhstobaugifzoyb.supabase.co/rest/v1/orders?select=*%2Corder_items%28*%2Cproduct%3Aproducts%28*%29%29&company_id=eq.00000000-0000-0000-0000-000000000001&order=created_at.asc&status=in.%28pending%2Cpreparing%2Cready%29:0
[ 2727786ms] [ERROR] Kitchen orders fetch error: {message: TypeError: Failed to fetch, details: TypeError: Failed to fetch
    at http://localhost…lse&lazy=true&transform.routerRoot=app:150369:13), hint: , code: } @ http://localhost:8081/node_modules/expo-router/entry.bundle?platform=web&dev=true&hot=false&lazy=true&transform.routerRoot=app:901
[ 2730536ms] [ERROR] Failed to load resource: net::ERR_NAME_NOT_RESOLVED @ https://zqubwvhstobaugifzoyb.supabase.co/rest/v1/orders?select=*%2Corder_items%28*%2Cproduct%3Aproducts%28*%29%29&company_id=eq.00000000-0000-0000-0000-000000000001&order=created_at.desc&limit=100:0
[ 2730536ms] [ERROR] Admin orders fetch error: {message: TypeError: Failed to fetch, details: TypeError: Failed to fetch
    at http://localhost…lse&lazy=true&transform.routerRoot=app:202542:13), hint: , code: } @ http://localhost:8081/node_modules/expo-router/entry.bundle?platform=web&dev=true&hot=false&lazy=true&transform.routerRoot=app:901
[ 2731544ms] [ERROR] Failed to load resource: net::ERR_NAME_NOT_RESOLVED @ https://zqubwvhstobaugifzoyb.supabase.co/rest/v1/orders?select=id%2Cdisplay_code%2Ccustomer_name%2Ccustomer_phone%2Ctotal_amount%2Corder_type%2Cdelivery_address%2Ctable_number%2Ccreated_at&company_id=eq.00000000-0000-0000-0000-000000000001&status=eq.pending&order=created_at.asc&limit=20:0
[ 2731544ms] [ERROR] [OrderNotification] pending fetch failed: {message: TypeError: Failed to fetch, details: TypeError: Failed to fetch
    at http://localhost…alse&lazy=true&transform.routerRoot=app:203393:26, hint: , code: } @ http://localhost:8081/node_modules/expo-router/entry.bundle?platform=web&dev=true&hot=false&lazy=true&transform.routerRoot=app:901
[ 2732083ms] [ERROR] Failed to load resource: net::ERR_NAME_NOT_RESOLVED @ https://zqubwvhstobaugifzoyb.supabase.co/rest/v1/orders?select=id%2Ccreated_at%2Cstatus%2Ctotal_amount%2Ccustomer_name%2Cdecline_reason_preset%2Cdecline_reason_note&company_id=eq.00000000-0000-0000-0000-000000000001&status=in.%28pending%2Cpreparing%2Cready%2Ccancelled%29&order=created_at.desc&limit=12:0
[ 2732083ms] [ERROR] Failed to load resource: net::ERR_NAME_NOT_RESOLVED @ https://zqubwvhstobaugifzoyb.supabase.co/rest/v1/orders?select=*%2Corder_items%28*%2Cproduct%3Aproducts%28*%29%29&company_id=eq.00000000-0000-0000-0000-000000000001&order=created_at.asc&status=in.%28pending%2Cpreparing%2Cready%29:0
[ 2732083ms] [ERROR] Kitchen orders fetch error: {message: TypeError: Failed to fetch, details: TypeError: Failed to fetch
    at http://localhost…lse&lazy=true&transform.routerRoot=app:150369:13), hint: , code: } @ http://localhost:8081/node_modules/expo-router/entry.bundle?platform=web&dev=true&hot=false&lazy=true&transform.routerRoot=app:901
[ 2734748ms] [ERROR] Failed to load resource: net::ERR_NAME_NOT_RESOLVED @ https://zqubwvhstobaugifzoyb.supabase.co/rest/v1/orders?select=id%2Ctotal_amount&company_id=eq.00000000-0000-0000-0000-000000000001&created_at=gte.2026-09-01T22%3A00%3A00.000Z:0
[ 2734748ms] [ERROR] Failed to load resource: net::ERR_NAME_NOT_RESOLVED @ https://zqubwvhstobaugifzoyb.supabase.co/rest/v1/orders?select=id&company_id=eq.00000000-0000-0000-0000-000000000001&status=in.%28pending%2Cpreparing%29:0
[ 2734748ms] [ERROR] Failed to load resource: net::ERR_NAME_NOT_RESOLVED @ https://zqubwvhstobaugifzoyb.supabase.co/rest/v1/products?select=id&company_id=eq.00000000-0000-0000-0000-000000000001&active=eq.true:0
[ 2734748ms] [ERROR] Failed to load resource: net::ERR_NAME_NOT_RESOLVED @ https://zqubwvhstobaugifzoyb.supabase.co/rest/v1/orders?select=created_at%2Cstatus&company_id=eq.00000000-0000-0000-0000-000000000001&created_at=gte.2026-08-26T22%3A00%3A00.000Z:0
[ 2734748ms] [ERROR] Failed to load resource: net::ERR_NAME_NOT_RESOLVED @ https://zqubwvhstobaugifzoyb.supabase.co/rest/v1/orders?select=created_at%2Ctotal_amount%2Cstatus%2Corder_type&company_id=eq.00000000-0000-0000-0000-000000000001&created_at=gte.2026-07-29T22%3A00%3A00.000Z:0
[ 2735527ms] [ERROR] WebSocket connection to 'wss://zqubwvhstobaugifzoyb.supabase.co/realtime/v1/websocket?apikey=eyJhbGciOiJIUzI1NiIsInR5cCI6IkpXVCJ9.eyJpc3MiOiJzdXBhYmFzZSIsInJlZiI6InpxdWJ3dmhzdG9iYXVnaWZ6b3liIiwicm9sZSI6ImFub24iLCJpYXQiOjE3Njg0MDg3OTksImV4cCI6MjA4Mzk4NDc5OX0.IWQDg4CNo8UHVMkFhXVkDG1O1IxoADpMX938kapr-SE&vsn=1.0.0' failed: Error in connection establishment: net::ERR_NAME_NOT_RESOLVED @ http://localhost:8081/node_modules/expo-router/entry.bundle?platform=web&dev=true&hot=false&lazy=true&transform.routerRoot=app:99787
[ 2735702ms] [ERROR] Failed to load resource: net::ERR_NAME_NOT_RESOLVED @ https://zqubwvhstobaugifzoyb.supabase.co/rest/v1/orders?select=id%2Cdisplay_code%2Ccustomer_name%2Ccustomer_phone%2Ctotal_amount%2Corder_type%2Cdelivery_address%2Ctable_number%2Ccreated_at&company_id=eq.00000000-0000-0000-0000-000000000001&status=eq.pending&order=created_at.asc&limit=20:0
[ 2735702ms] [ERROR] [OrderNotification] pending fetch failed: {message: TypeError: Failed to fetch, details: TypeError: Failed to fetch
    at http://localhost…alse&lazy=true&transform.routerRoot=app:203393:26, hint: , code: } @ http://localhost:8081/node_modules/expo-router/entry.bundle?platform=web&dev=true&hot=false&lazy=true&transform.routerRoot=app:901
[ 2735865ms] [ERROR] Failed to load resource: net::ERR_NAME_NOT_RESOLVED @ https://zqubwvhstobaugifzoyb.supabase.co/rest/v1/orders?select=id%2Cdisplay_code%2Ccustomer_name%2Ccustomer_phone%2Ctotal_amount%2Corder_type%2Cdelivery_address%2Ctable_number%2Ccreated_at&company_id=eq.00000000-0000-0000-0000-000000000001&status=eq.pending&order=created_at.asc&limit=20:0
[ 2735865ms] [ERROR] [OrderNotification] pending fetch failed: {message: TypeError: Failed to fetch, details: TypeError: Failed to fetch
    at http://localhost…alse&lazy=true&transform.routerRoot=app:203393:26, hint: , code: } @ http://localhost:8081/node_modules/expo-router/entry.bundle?platform=web&dev=true&hot=false&lazy=true&transform.routerRoot=app:901
[ 2735866ms] [ERROR] Failed to load resource: net::ERR_NAME_NOT_RESOLVED @ https://zqubwvhstobaugifzoyb.supabase.co/rest/v1/orders?select=id%2Ctotal_amount&company_id=eq.00000000-0000-0000-0000-000000000001&created_at=gte.2026-09-01T22%3A00%3A00.000Z:0
[ 2735866ms] [ERROR] Failed to load resource: net::ERR_NAME_NOT_RESOLVED @ https://zqubwvhstobaugifzoyb.supabase.co/rest/v1/orders?select=id&company_id=eq.00000000-0000-0000-0000-000000000001&status=in.%28pending%2Cpreparing%29:0
[ 2735866ms] [ERROR] Failed to load resource: net::ERR_NAME_NOT_RESOLVED @ https://zqubwvhstobaugifzoyb.supabase.co/rest/v1/products?select=id&company_id=eq.00000000-0000-0000-0000-000000000001&active=eq.true:0
[ 2735866ms] [ERROR] Failed to load resource: net::ERR_NAME_NOT_RESOLVED @ https://zqubwvhstobaugifzoyb.supabase.co/rest/v1/orders?select=created_at%2Cstatus&company_id=eq.00000000-0000-0000-0000-000000000001&created_at=gte.2026-08-26T22%3A00%3A00.000Z:0
[ 2735866ms] [ERROR] Failed to load resource: net::ERR_NAME_NOT_RESOLVED @ https://zqubwvhstobaugifzoyb.supabase.co/rest/v1/orders?select=created_at%2Ctotal_amount%2Cstatus%2Corder_type&company_id=eq.00000000-0000-0000-0000-000000000001&created_at=gte.2026-07-29T22%3A00%3A00.000Z:0
[ 2738033ms] [ERROR] Failed to load resource: net::ERR_NAME_NOT_RESOLVED @ https://zqubwvhstobaugifzoyb.supabase.co/rest/v1/products?select=id&company_id=eq.00000000-0000-0000-0000-000000000001&active=eq.true:0
[ 2738034ms] [ERROR] Failed to load resource: net::ERR_NAME_NOT_RESOLVED @ https://zqubwvhstobaugifzoyb.supabase.co/rest/v1/orders?select=created_at%2Cstatus&company_id=eq.00000000-0000-0000-0000-000000000001&created_at=gte.2026-08-26T22%3A00%3A00.000Z:0
[ 2738034ms] [ERROR] Failed to load resource: net::ERR_NAME_NOT_RESOLVED @ https://zqubwvhstobaugifzoyb.supabase.co/rest/v1/orders?select=id&company_id=eq.00000000-0000-0000-0000-000000000001&status=in.%28pending%2Cpreparing%29:0
[ 2738034ms] [ERROR] Failed to load resource: net::ERR_NAME_NOT_RESOLVED @ https://zqubwvhstobaugifzoyb.supabase.co/rest/v1/orders?select=id%2Ctotal_amount&company_id=eq.00000000-0000-0000-0000-000000000001&created_at=gte.2026-09-01T22%3A00%3A00.000Z:0
[ 2738034ms] [ERROR] Failed to load resource: net::ERR_NAME_NOT_RESOLVED @ https://zqubwvhstobaugifzoyb.supabase.co/rest/v1/orders?select=created_at%2Ctotal_amount%2Cstatus%2Corder_type&company_id=eq.00000000-0000-0000-0000-000000000001&created_at=gte.2026-07-29T22%3A00%3A00.000Z:0
[ 2741411ms] [ERROR] Failed to load resource: net::ERR_NAME_NOT_RESOLVED @ https://zqubwvhstobaugifzoyb.supabase.co/rest/v1/orders?select=id%2Cdisplay_code%2Ccustomer_name%2Ccustomer_phone%2Ctotal_amount%2Corder_type%2Cdelivery_address%2Ctable_number%2Ccreated_at&company_id=eq.00000000-0000-0000-0000-000000000001&status=eq.pending&order=created_at.asc&limit=20:0
[ 2741412ms] [ERROR] [OrderNotification] pending fetch failed: {message: TypeError: Failed to fetch, details: TypeError: Failed to fetch
    at http://localhost…alse&lazy=true&transform.routerRoot=app:203393:26, hint: , code: } @ http://localhost:8081/node_modules/expo-router/entry.bundle?platform=web&dev=true&hot=false&lazy=true&transform.routerRoot=app:901
[ 2742177ms] [ERROR] Failed to load resource: net::ERR_NAME_NOT_RESOLVED @ https://zqubwvhstobaugifzoyb.supabase.co/rest/v1/orders?select=id%2Ctotal_amount&company_id=eq.00000000-0000-0000-0000-000000000001&created_at=gte.2026-09-01T22%3A00%3A00.000Z:0
[ 2742177ms] [ERROR] Failed to load resource: net::ERR_NAME_NOT_RESOLVED @ https://zqubwvhstobaugifzoyb.supabase.co/rest/v1/orders?select=id&company_id=eq.00000000-0000-0000-0000-000000000001&status=in.%28pending%2Cpreparing%29:0
[ 2742177ms] [ERROR] Failed to load resource: net::ERR_NAME_NOT_RESOLVED @ https://zqubwvhstobaugifzoyb.supabase.co/rest/v1/products?select=id&company_id=eq.00000000-0000-0000-0000-000000000001&active=eq.true:0
[ 2742177ms] [ERROR] Failed to load resource: net::ERR_NAME_NOT_RESOLVED @ https://zqubwvhstobaugifzoyb.supabase.co/rest/v1/orders?select=created_at%2Cstatus&company_id=eq.00000000-0000-0000-0000-000000000001&created_at=gte.2026-08-26T22%3A00%3A00.000Z:0
[ 2742177ms] [ERROR] Failed to load resource: net::ERR_NAME_NOT_RESOLVED @ https://zqubwvhstobaugifzoyb.supabase.co/rest/v1/orders?select=created_at%2Ctotal_amount%2Cstatus%2Corder_type&company_id=eq.00000000-0000-0000-0000-000000000001&created_at=gte.2026-07-29T22%3A00%3A00.000Z:0
[ 2742178ms] [ERROR] Failed to load resource: net::ERR_NAME_NOT_RESOLVED @ https://zqubwvhstobaugifzoyb.supabase.co/rest/v1/orders?select=id%2Ccreated_at%2Cstatus%2Ctotal_amount%2Ccustomer_name%2Cdecline_reason_preset%2Cdecline_reason_note&company_id=eq.00000000-0000-0000-0000-000000000001&status=in.%28pending%2Cpreparing%2Cready%2Ccancelled%29&order=created_at.desc&limit=12:0
[ 2742240ms] [ERROR] Failed to load resource: net::ERR_NAME_NOT_RESOLVED @ https://zqubwvhstobaugifzoyb.supabase.co/rest/v1/orders?select=*%2Corder_items%28*%2Cproduct%3Aproducts%28*%29%29&company_id=eq.00000000-0000-0000-0000-000000000001&order=created_at.asc&status=in.%28pending%2Cpreparing%2Cready%29:0
[ 2742240ms] [ERROR] Kitchen orders fetch error: {message: TypeError: Failed to fetch, details: TypeError: Failed to fetch
    at http://localhost…lse&lazy=true&transform.routerRoot=app:150369:13), hint: , code: } @ http://localhost:8081/node_modules/expo-router/entry.bundle?platform=web&dev=true&hot=false&lazy=true&transform.routerRoot=app:901
[ 2743487ms] [ERROR] Failed to load resource: net::ERR_NAME_NOT_RESOLVED @ https://zqubwvhstobaugifzoyb.supabase.co/rest/v1/orders?select=id%2Ccreated_at%2Cstatus%2Ctotal_amount%2Ccustomer_name%2Cdecline_reason_preset%2Cdecline_reason_note&company_id=eq.00000000-0000-0000-0000-000000000001&status=in.%28pending%2Cpreparing%2Cready%2Ccancelled%29&order=created_at.desc&limit=12:0
[ 2743487ms] [ERROR] Failed to load resource: net::ERR_NAME_NOT_RESOLVED @ https://zqubwvhstobaugifzoyb.supabase.co/rest/v1/orders?select=*%2Corder_items%28*%2Cproduct%3Aproducts%28*%29%29&company_id=eq.00000000-0000-0000-0000-000000000001&order=created_at.asc&status=in.%28pending%2Cpreparing%2Cready%29:0
[ 2743487ms] [ERROR] Kitchen orders fetch error: {message: TypeError: Failed to fetch, details: TypeError: Failed to fetch
    at http://localhost…lse&lazy=true&transform.routerRoot=app:150369:13), hint: , code: } @ http://localhost:8081/node_modules/expo-router/entry.bundle?platform=web&dev=true&hot=false&lazy=true&transform.routerRoot=app:901
[ 2745666ms] [ERROR] Failed to load resource: net::ERR_NAME_NOT_RESOLVED @ https://zqubwvhstobaugifzoyb.supabase.co/rest/v1/orders?select=id%2Ccreated_at%2Cstatus%2Ctotal_amount%2Ccustomer_name%2Cdecline_reason_preset%2Cdecline_reason_note&company_id=eq.00000000-0000-0000-0000-000000000001&status=in.%28pending%2Cpreparing%2Cready%2Ccancelled%29&order=created_at.desc&limit=12:0
[ 2745666ms] [ERROR] Failed to load resource: net::ERR_NAME_NOT_RESOLVED @ https://zqubwvhstobaugifzoyb.supabase.co/rest/v1/orders?select=*%2Corder_items%28*%2Cproduct%3Aproducts%28*%29%29&company_id=eq.00000000-0000-0000-0000-000000000001&order=created_at.asc&status=in.%28pending%2Cpreparing%2Cready%29:0
[ 2745666ms] [ERROR] Kitchen orders fetch error: {message: TypeError: Failed to fetch, details: TypeError: Failed to fetch
    at http://localhost…lse&lazy=true&transform.routerRoot=app:150369:13), hint: , code: } @ http://localhost:8081/node_modules/expo-router/entry.bundle?platform=web&dev=true&hot=false&lazy=true&transform.routerRoot=app:901
[ 2745667ms] [ERROR] WebSocket connection to 'wss://zqubwvhstobaugifzoyb.supabase.co/realtime/v1/websocket?apikey=eyJhbGciOiJIUzI1NiIsInR5cCI6IkpXVCJ9.eyJpc3MiOiJzdXBhYmFzZSIsInJlZiI6InpxdWJ3dmhzdG9iYXVnaWZ6b3liIiwicm9sZSI6ImFub24iLCJpYXQiOjE3Njg0MDg3OTksImV4cCI6MjA4Mzk4NDc5OX0.IWQDg4CNo8UHVMkFhXVkDG1O1IxoADpMX938kapr-SE&vsn=1.0.0' failed: Error in connection establishment: net::ERR_NAME_NOT_RESOLVED @ http://localhost:8081/node_modules/expo-router/entry.bundle?platform=web&dev=true&hot=false&lazy=true&transform.routerRoot=app:99787
[ 2745791ms] [ERROR] Failed to load resource: net::ERR_NAME_NOT_RESOLVED @ https://zqubwvhstobaugifzoyb.supabase.co/rest/v1/orders?select=id%2Cdisplay_code%2Ccustomer_name%2Ccustomer_phone%2Ctotal_amount%2Corder_type%2Cdelivery_address%2Ctable_number%2Ccreated_at&company_id=eq.00000000-0000-0000-0000-000000000001&status=eq.pending&order=created_at.asc&limit=20:0
[ 2745791ms] [ERROR] [OrderNotification] pending fetch failed: {message: TypeError: Failed to fetch, details: TypeError: Failed to fetch
    at http://localhost…alse&lazy=true&transform.routerRoot=app:203393:26, hint: , code: } @ http://localhost:8081/node_modules/expo-router/entry.bundle?platform=web&dev=true&hot=false&lazy=true&transform.routerRoot=app:901
[ 2746003ms] [ERROR] Failed to load resource: net::ERR_NAME_NOT_RESOLVED @ https://zqubwvhstobaugifzoyb.supabase.co/rest/v1/orders?select=id%2Cdisplay_code%2Ccustomer_name%2Ccustomer_phone%2Ctotal_amount%2Corder_type%2Cdelivery_address%2Ctable_number%2Ccreated_at&company_id=eq.00000000-0000-0000-0000-000000000001&status=eq.pending&order=created_at.asc&limit=20:0
[ 2746004ms] [ERROR] [OrderNotification] pending fetch failed: {message: TypeError: Failed to fetch, details: TypeError: Failed to fetch
    at http://localhost…alse&lazy=true&transform.routerRoot=app:203393:26, hint: , code: } @ http://localhost:8081/node_modules/expo-router/entry.bundle?platform=web&dev=true&hot=false&lazy=true&transform.routerRoot=app:901
[ 2754990ms] [ERROR] Failed to load resource: net::ERR_NAME_NOT_RESOLVED @ https://zqubwvhstobaugifzoyb.supabase.co/rest/v1/orders?select=id%2Ccreated_at%2Cstatus%2Ctotal_amount%2Ccustomer_name%2Cdecline_reason_preset%2Cdecline_reason_note&company_id=eq.00000000-0000-0000-0000-000000000001&status=in.%28pending%2Cpreparing%2Cready%2Ccancelled%29&order=created_at.desc&limit=12:0
[ 2754991ms] [ERROR] Failed to load resource: net::ERR_NAME_NOT_RESOLVED @ https://zqubwvhstobaugifzoyb.supabase.co/rest/v1/orders?select=id%2Cdisplay_code%2Ccustomer_name%2Ccustomer_phone%2Ctotal_amount%2Corder_type%2Cdelivery_address%2Ctable_number%2Ccreated_at&company_id=eq.00000000-0000-0000-0000-000000000001&status=eq.pending&order=created_at.asc&limit=20:0
[ 2754991ms] [ERROR] [OrderNotification] pending fetch failed: {message: TypeError: Failed to fetch, details: TypeError: Failed to fetch
    at http://localhost…alse&lazy=true&transform.routerRoot=app:203393:26, hint: , code: } @ http://localhost:8081/node_modules/expo-router/entry.bundle?platform=web&dev=true&hot=false&lazy=true&transform.routerRoot=app:901
[ 2754991ms] [ERROR] Failed to load resource: net::ERR_NAME_NOT_RESOLVED @ https://zqubwvhstobaugifzoyb.supabase.co/rest/v1/orders?select=id%2Ctotal_amount&company_id=eq.00000000-0000-0000-0000-000000000001&created_at=gte.2026-09-01T22%3A00%3A00.000Z:0
[ 2754991ms] [ERROR] Failed to load resource: net::ERR_NAME_NOT_RESOLVED @ https://zqubwvhstobaugifzoyb.supabase.co/rest/v1/orders?select=id&company_id=eq.00000000-0000-0000-0000-000000000001&status=in.%28pending%2Cpreparing%29:0
[ 2754991ms] [ERROR] Failed to load resource: net::ERR_NAME_NOT_RESOLVED @ https://zqubwvhstobaugifzoyb.supabase.co/rest/v1/products?select=id&company_id=eq.00000000-0000-0000-0000-000000000001&active=eq.true:0
[ 2754991ms] [ERROR] Failed to load resource: net::ERR_NAME_NOT_RESOLVED @ https://zqubwvhstobaugifzoyb.supabase.co/rest/v1/orders?select=*%2Corder_items%28*%2Cproduct%3Aproducts%28*%29%29&company_id=eq.00000000-0000-0000-0000-000000000001&order=created_at.asc&status=in.%28pending%2Cpreparing%2Cready%29:0
[ 2754991ms] [ERROR] Kitchen orders fetch error: {message: TypeError: Failed to fetch, details: TypeError: Failed to fetch
    at http://localhost…lse&lazy=true&transform.routerRoot=app:150369:13), hint: , code: } @ http://localhost:8081/node_modules/expo-router/entry.bundle?platform=web&dev=true&hot=false&lazy=true&transform.routerRoot=app:901
[ 2755064ms] [ERROR] Failed to load resource: net::ERR_NAME_NOT_RESOLVED @ https://zqubwvhstobaugifzoyb.supabase.co/rest/v1/orders?select=created_at%2Cstatus&company_id=eq.00000000-0000-0000-0000-000000000001&created_at=gte.2026-08-26T22%3A00%3A00.000Z:0
[ 2755064ms] [ERROR] Failed to load resource: net::ERR_NAME_NOT_RESOLVED @ https://zqubwvhstobaugifzoyb.supabase.co/rest/v1/orders?select=created_at%2Ctotal_amount%2Cstatus%2Corder_type&company_id=eq.00000000-0000-0000-0000-000000000001&created_at=gte.2026-07-29T22%3A00%3A00.000Z:0
[ 2755971ms] [ERROR] WebSocket connection to 'wss://zqubwvhstobaugifzoyb.supabase.co/realtime/v1/websocket?apikey=eyJhbGciOiJIUzI1NiIsInR5cCI6IkpXVCJ9.eyJpc3MiOiJzdXBhYmFzZSIsInJlZiI6InpxdWJ3dmhzdG9iYXVnaWZ6b3liIiwicm9sZSI6ImFub24iLCJpYXQiOjE3Njg0MDg3OTksImV4cCI6MjA4Mzk4NDc5OX0.IWQDg4CNo8UHVMkFhXVkDG1O1IxoADpMX938kapr-SE&vsn=1.0.0' failed: Error in connection establishment: net::ERR_NAME_NOT_RESOLVED @ http://localhost:8081/node_modules/expo-router/entry.bundle?platform=web&dev=true&hot=false&lazy=true&transform.routerRoot=app:99787
[ 2756177ms] [ERROR] Failed to load resource: net::ERR_NAME_NOT_RESOLVED @ https://zqubwvhstobaugifzoyb.supabase.co/rest/v1/orders?select=id%2Cdisplay_code%2Ccustomer_name%2Ccustomer_phone%2Ctotal_amount%2Corder_type%2Cdelivery_address%2Ctable_number%2Ccreated_at&company_id=eq.00000000-0000-0000-0000-000000000001&status=eq.pending&order=created_at.asc&limit=20:0
[ 2756177ms] [ERROR] [OrderNotification] pending fetch failed: {message: TypeError: Failed to fetch, details: TypeError: Failed to fetch
    at http://localhost…alse&lazy=true&transform.routerRoot=app:203393:26, hint: , code: } @ http://localhost:8081/node_modules/expo-router/entry.bundle?platform=web&dev=true&hot=false&lazy=true&transform.routerRoot=app:901
[ 2756276ms] [ERROR] Failed to load resource: net::ERR_NAME_NOT_RESOLVED @ https://zqubwvhstobaugifzoyb.supabase.co/rest/v1/orders?select=id&company_id=eq.00000000-0000-0000-0000-000000000001&status=in.%28pending%2Cpreparing%29:0
[ 2756276ms] [ERROR] Failed to load resource: net::ERR_NAME_NOT_RESOLVED @ https://zqubwvhstobaugifzoyb.supabase.co/rest/v1/orders?select=id%2Ctotal_amount&company_id=eq.00000000-0000-0000-0000-000000000001&created_at=gte.2026-09-01T22%3A00%3A00.000Z:0
[ 2756276ms] [ERROR] Failed to load resource: net::ERR_NAME_NOT_RESOLVED @ https://zqubwvhstobaugifzoyb.supabase.co/rest/v1/orders?select=created_at%2Ctotal_amount%2Cstatus%2Corder_type&company_id=eq.00000000-0000-0000-0000-000000000001&created_at=gte.2026-07-29T22%3A00%3A00.000Z:0
[ 2756276ms] [ERROR] Failed to load resource: net::ERR_NAME_NOT_RESOLVED @ https://zqubwvhstobaugifzoyb.supabase.co/rest/v1/orders?select=created_at%2Cstatus&company_id=eq.00000000-0000-0000-0000-000000000001&created_at=gte.2026-08-26T22%3A00%3A00.000Z:0
[ 2756276ms] [ERROR] Failed to load resource: net::ERR_NAME_NOT_RESOLVED @ https://zqubwvhstobaugifzoyb.supabase.co/rest/v1/products?select=id&company_id=eq.00000000-0000-0000-0000-000000000001&active=eq.true:0
[ 2756338ms] [ERROR] Failed to load resource: net::ERR_NAME_NOT_RESOLVED @ https://zqubwvhstobaugifzoyb.supabase.co/rest/v1/orders?select=id%2Cdisplay_code%2Ccustomer_name%2Ccustomer_phone%2Ctotal_amount%2Corder_type%2Cdelivery_address%2Ctable_number%2Ccreated_at&company_id=eq.00000000-0000-0000-0000-000000000001&status=eq.pending&order=created_at.asc&limit=20:0
[ 2756338ms] [ERROR] [OrderNotification] pending fetch failed: {message: TypeError: Failed to fetch, details: TypeError: Failed to fetch
    at http://localhost…alse&lazy=true&transform.routerRoot=app:203393:26, hint: , code: } @ http://localhost:8081/node_modules/expo-router/entry.bundle?platform=web&dev=true&hot=false&lazy=true&transform.routerRoot=app:901
[ 2758505ms] [ERROR] Failed to load resource: net::ERR_NAME_NOT_RESOLVED @ https://zqubwvhstobaugifzoyb.supabase.co/rest/v1/products?select=id&company_id=eq.00000000-0000-0000-0000-000000000001&active=eq.true:0
[ 2758505ms] [ERROR] Failed to load resource: net::ERR_NAME_NOT_RESOLVED @ https://zqubwvhstobaugifzoyb.supabase.co/rest/v1/orders?select=created_at%2Cstatus&company_id=eq.00000000-0000-0000-0000-000000000001&created_at=gte.2026-08-26T22%3A00%3A00.000Z:0
[ 2758505ms] [ERROR] Failed to load resource: net::ERR_NAME_NOT_RESOLVED @ https://zqubwvhstobaugifzoyb.supabase.co/rest/v1/orders?select=id&company_id=eq.00000000-0000-0000-0000-000000000001&status=in.%28pending%2Cpreparing%29:0
[ 2758505ms] [ERROR] Failed to load resource: net::ERR_NAME_NOT_RESOLVED @ https://zqubwvhstobaugifzoyb.supabase.co/rest/v1/orders?select=id%2Ctotal_amount&company_id=eq.00000000-0000-0000-0000-000000000001&created_at=gte.2026-09-01T22%3A00%3A00.000Z:0
[ 2758506ms] [ERROR] Failed to load resource: net::ERR_NAME_NOT_RESOLVED @ https://zqubwvhstobaugifzoyb.supabase.co/rest/v1/orders?select=created_at%2Ctotal_amount%2Cstatus%2Corder_type&company_id=eq.00000000-0000-0000-0000-000000000001&created_at=gte.2026-07-29T22%3A00%3A00.000Z:0
[ 2760784ms] [ERROR] Failed to load resource: net::ERR_NAME_NOT_RESOLVED @ https://zqubwvhstobaugifzoyb.supabase.co/rest/v1/orders?select=*%2Corder_items%28*%2Cproduct%3Aproducts%28*%29%29&company_id=eq.00000000-0000-0000-0000-000000000001&order=created_at.desc&limit=100:0
[ 2760785ms] [ERROR] Admin orders fetch error: {message: TypeError: Failed to fetch, details: TypeError: Failed to fetch
    at http://localhost…lse&lazy=true&transform.routerRoot=app:202542:13), hint: , code: } @ http://localhost:8081/node_modules/expo-router/entry.bundle?platform=web&dev=true&hot=false&lazy=true&transform.routerRoot=app:901
[ 2761267ms] [ERROR] Failed to load resource: net::ERR_NAME_NOT_RESOLVED @ https://zqubwvhstobaugifzoyb.supabase.co/rest/v1/orders?select=id%2Cdisplay_code%2Ccustomer_name%2Ccustomer_phone%2Ctotal_amount%2Corder_type%2Cdelivery_address%2Ctable_number%2Ccreated_at&company_id=eq.00000000-0000-0000-0000-000000000001&status=eq.pending&order=created_at.asc&limit=20:0
[ 2761267ms] [ERROR] [OrderNotification] pending fetch failed: {message: TypeError: Failed to fetch, details: TypeError: Failed to fetch
    at http://localhost…alse&lazy=true&transform.routerRoot=app:203393:26, hint: , code: } @ http://localhost:8081/node_modules/expo-router/entry.bundle?platform=web&dev=true&hot=false&lazy=true&transform.routerRoot=app:901
[ 2762039ms] [ERROR] Failed to load resource: net::ERR_NAME_NOT_RESOLVED @ https://zqubwvhstobaugifzoyb.supabase.co/rest/v1/orders?select=*%2Corder_items%28*%2Cproduct%3Aproducts%28*%29%29&company_id=eq.00000000-0000-0000-0000-000000000001&order=created_at.desc&limit=100:0
[ 2762039ms] [ERROR] Admin orders fetch error: {message: TypeError: Failed to fetch, details: TypeError: Failed to fetch
    at http://localhost…lse&lazy=true&transform.routerRoot=app:202542:13), hint: , code: } @ http://localhost:8081/node_modules/expo-router/entry.bundle?platform=web&dev=true&hot=false&lazy=true&transform.routerRoot=app:901
[ 2762707ms] [ERROR] Failed to load resource: net::ERR_NAME_NOT_RESOLVED @ https://zqubwvhstobaugifzoyb.supabase.co/rest/v1/orders?select=id&company_id=eq.00000000-0000-0000-0000-000000000001&status=in.%28pending%2Cpreparing%29:0
[ 2762707ms] [ERROR] Failed to load resource: net::ERR_NAME_NOT_RESOLVED @ https://zqubwvhstobaugifzoyb.supabase.co/rest/v1/orders?select=created_at%2Cstatus&company_id=eq.00000000-0000-0000-0000-000000000001&created_at=gte.2026-08-26T22%3A00%3A00.000Z:0
[ 2762707ms] [ERROR] Failed to load resource: net::ERR_NAME_NOT_RESOLVED @ https://zqubwvhstobaugifzoyb.supabase.co/rest/v1/products?select=id&company_id=eq.00000000-0000-0000-0000-000000000001&active=eq.true:0
[ 2762708ms] [ERROR] Failed to load resource: net::ERR_NAME_NOT_RESOLVED @ https://zqubwvhstobaugifzoyb.supabase.co/rest/v1/orders?select=id%2Ctotal_amount&company_id=eq.00000000-0000-0000-0000-000000000001&created_at=gte.2026-09-01T22%3A00%3A00.000Z:0
[ 2762708ms] [ERROR] Failed to load resource: net::ERR_NAME_NOT_RESOLVED @ https://zqubwvhstobaugifzoyb.supabase.co/rest/v1/orders?select=created_at%2Ctotal_amount%2Cstatus%2Corder_type&company_id=eq.00000000-0000-0000-0000-000000000001&created_at=gte.2026-07-29T22%3A00%3A00.000Z:0
[ 2764229ms] [ERROR] Failed to load resource: net::ERR_NAME_NOT_RESOLVED @ https://zqubwvhstobaugifzoyb.supabase.co/rest/v1/orders?select=*%2Corder_items%28*%2Cproduct%3Aproducts%28*%29%29&company_id=eq.00000000-0000-0000-0000-000000000001&order=created_at.desc&limit=100:0
[ 2764230ms] [ERROR] Admin orders fetch error: {message: TypeError: Failed to fetch, details: TypeError: Failed to fetch
    at http://localhost…lse&lazy=true&transform.routerRoot=app:202542:13), hint: , code: } @ http://localhost:8081/node_modules/expo-router/entry.bundle?platform=web&dev=true&hot=false&lazy=true&transform.routerRoot=app:901
[ 2765148ms] [ERROR] Failed to load resource: net::ERR_NAME_NOT_RESOLVED @ https://zqubwvhstobaugifzoyb.supabase.co/rest/v1/orders?select=id%2Ccreated_at%2Cstatus%2Ctotal_amount%2Ccustomer_name%2Cdecline_reason_preset%2Cdecline_reason_note&company_id=eq.00000000-0000-0000-0000-000000000001&status=in.%28pending%2Cpreparing%2Cready%2Ccancelled%29&order=created_at.desc&limit=12:0
[ 2765148ms] [ERROR] Failed to load resource: net::ERR_NAME_NOT_RESOLVED @ https://zqubwvhstobaugifzoyb.supabase.co/rest/v1/orders?select=*%2Corder_items%28*%2Cproduct%3Aproducts%28*%29%29&company_id=eq.00000000-0000-0000-0000-000000000001&order=created_at.asc&status=in.%28pending%2Cpreparing%2Cready%29:0
[ 2765148ms] [ERROR] Kitchen orders fetch error: {message: TypeError: Failed to fetch, details: TypeError: Failed to fetch
    at http://localhost…lse&lazy=true&transform.routerRoot=app:150369:13), hint: , code: } @ http://localhost:8081/node_modules/expo-router/entry.bundle?platform=web&dev=true&hot=false&lazy=true&transform.routerRoot=app:901
[ 2766295ms] [ERROR] Failed to load resource: net::ERR_NAME_NOT_RESOLVED @ https://zqubwvhstobaugifzoyb.supabase.co/rest/v1/orders?select=id%2Ccreated_at%2Cstatus%2Ctotal_amount%2Ccustomer_name%2Cdecline_reason_preset%2Cdecline_reason_note&company_id=eq.00000000-0000-0000-0000-000000000001&status=in.%28pending%2Cpreparing%2Cready%2Ccancelled%29&order=created_at.desc&limit=12:0
[ 2766296ms] [ERROR] Failed to load resource: net::ERR_NAME_NOT_RESOLVED @ https://zqubwvhstobaugifzoyb.supabase.co/rest/v1/orders?select=*%2Corder_items%28*%2Cproduct%3Aproducts%28*%29%29&company_id=eq.00000000-0000-0000-0000-000000000001&order=created_at.asc&status=in.%28pending%2Cpreparing%2Cready%29:0
[ 2766296ms] [ERROR] Kitchen orders fetch error: {message: TypeError: Failed to fetch, details: TypeError: Failed to fetch
    at http://localhost…lse&lazy=true&transform.routerRoot=app:150369:13), hint: , code: } @ http://localhost:8081/node_modules/expo-router/entry.bundle?platform=web&dev=true&hot=false&lazy=true&transform.routerRoot=app:901
[ 2766296ms] [ERROR] WebSocket connection to 'wss://zqubwvhstobaugifzoyb.supabase.co/realtime/v1/websocket?apikey=eyJhbGciOiJIUzI1NiIsInR5cCI6IkpXVCJ9.eyJpc3MiOiJzdXBhYmFzZSIsInJlZiI6InpxdWJ3dmhzdG9iYXVnaWZ6b3liIiwicm9sZSI6ImFub24iLCJpYXQiOjE3Njg0MDg3OTksImV4cCI6MjA4Mzk4NDc5OX0.IWQDg4CNo8UHVMkFhXVkDG1O1IxoADpMX938kapr-SE&vsn=1.0.0' failed: Error in connection establishment: net::ERR_NAME_NOT_RESOLVED @ http://localhost:8081/node_modules/expo-router/entry.bundle?platform=web&dev=true&hot=false&lazy=true&transform.routerRoot=app:99787
[ 2766451ms] [ERROR] Failed to load resource: net::ERR_NAME_NOT_RESOLVED @ https://zqubwvhstobaugifzoyb.supabase.co/rest/v1/orders?select=id%2Cdisplay_code%2Ccustomer_name%2Ccustomer_phone%2Ctotal_amount%2Corder_type%2Cdelivery_address%2Ctable_number%2Ccreated_at&company_id=eq.00000000-0000-0000-0000-000000000001&status=eq.pending&order=created_at.asc&limit=20:0
[ 2766451ms] [ERROR] [OrderNotification] pending fetch failed: {message: TypeError: Failed to fetch, details: TypeError: Failed to fetch
    at http://localhost…alse&lazy=true&transform.routerRoot=app:203393:26, hint: , code: } @ http://localhost:8081/node_modules/expo-router/entry.bundle?platform=web&dev=true&hot=false&lazy=true&transform.routerRoot=app:901
[ 2766623ms] [ERROR] Failed to load resource: net::ERR_NAME_NOT_RESOLVED @ https://zqubwvhstobaugifzoyb.supabase.co/rest/v1/orders?select=id%2Cdisplay_code%2Ccustomer_name%2Ccustomer_phone%2Ctotal_amount%2Corder_type%2Cdelivery_address%2Ctable_number%2Ccreated_at&company_id=eq.00000000-0000-0000-0000-000000000001&status=eq.pending&order=created_at.asc&limit=20:0
[ 2766623ms] [ERROR] [OrderNotification] pending fetch failed: {message: TypeError: Failed to fetch, details: TypeError: Failed to fetch
    at http://localhost…alse&lazy=true&transform.routerRoot=app:203393:26, hint: , code: } @ http://localhost:8081/node_modules/expo-router/entry.bundle?platform=web&dev=true&hot=false&lazy=true&transform.routerRoot=app:901
[ 2768602ms] [ERROR] Failed to load resource: net::ERR_NAME_NOT_RESOLVED @ https://zqubwvhstobaugifzoyb.supabase.co/rest/v1/orders?select=*%2Corder_items%28*%2Cproduct%3Aproducts%28*%29%29&company_id=eq.00000000-0000-0000-0000-000000000001&order=created_at.desc&limit=100:0
[ 2768602ms] [ERROR] Admin orders fetch error: {message: TypeError: Failed to fetch, details: TypeError: Failed to fetch
    at http://localhost…lse&lazy=true&transform.routerRoot=app:202542:13), hint: , code: } @ http://localhost:8081/node_modules/expo-router/entry.bundle?platform=web&dev=true&hot=false&lazy=true&transform.routerRoot=app:901
[ 2768603ms] [ERROR] Failed to load resource: net::ERR_NAME_NOT_RESOLVED @ https://zqubwvhstobaugifzoyb.supabase.co/rest/v1/orders?select=id%2Ccreated_at%2Cstatus%2Ctotal_amount%2Ccustomer_name%2Cdecline_reason_preset%2Cdecline_reason_note&company_id=eq.00000000-0000-0000-0000-000000000001&status=in.%28pending%2Cpreparing%2Cready%2Ccancelled%29&order=created_at.desc&limit=12:0
[ 2768603ms] [ERROR] Failed to load resource: net::ERR_NAME_NOT_RESOLVED @ https://zqubwvhstobaugifzoyb.supabase.co/rest/v1/orders?select=*%2Corder_items%28*%2Cproduct%3Aproducts%28*%29%29&company_id=eq.00000000-0000-0000-0000-000000000001&order=created_at.asc&status=in.%28pending%2Cpreparing%2Cready%29:0
[ 2768603ms] [ERROR] Kitchen orders fetch error: {message: TypeError: Failed to fetch, details: TypeError: Failed to fetch
    at http://localhost…lse&lazy=true&transform.routerRoot=app:150369:13), hint: , code: } @ http://localhost:8081/node_modules/expo-router/entry.bundle?platform=web&dev=true&hot=false&lazy=true&transform.routerRoot=app:901
[ 2771498ms] [ERROR] Failed to load resource: net::ERR_NAME_NOT_RESOLVED @ https://zqubwvhstobaugifzoyb.supabase.co/rest/v1/orders?select=id%2Cdisplay_code%2Ccustomer_name%2Ccustomer_phone%2Ctotal_amount%2Corder_type%2Cdelivery_address%2Ctable_number%2Ccreated_at&company_id=eq.00000000-0000-0000-0000-000000000001&status=eq.pending&order=created_at.asc&limit=20:0
[ 2771498ms] [ERROR] [OrderNotification] pending fetch failed: {message: TypeError: Failed to fetch, details: TypeError: Failed to fetch
    at http://localhost…alse&lazy=true&transform.routerRoot=app:203393:26, hint: , code: } @ http://localhost:8081/node_modules/expo-router/entry.bundle?platform=web&dev=true&hot=false&lazy=true&transform.routerRoot=app:901
[ 2772764ms] [ERROR] Failed to load resource: net::ERR_NAME_NOT_RESOLVED @ https://zqubwvhstobaugifzoyb.supabase.co/rest/v1/orders?select=id%2Ccreated_at%2Cstatus%2Ctotal_amount%2Ccustomer_name%2Cdecline_reason_preset%2Cdecline_reason_note&company_id=eq.00000000-0000-0000-0000-000000000001&status=in.%28pending%2Cpreparing%2Cready%2Ccancelled%29&order=created_at.desc&limit=12:0
[ 2772764ms] [ERROR] Failed to load resource: net::ERR_NAME_NOT_RESOLVED @ https://zqubwvhstobaugifzoyb.supabase.co/rest/v1/orders?select=*%2Corder_items%28*%2Cproduct%3Aproducts%28*%29%29&company_id=eq.00000000-0000-0000-0000-000000000001&order=created_at.asc&status=in.%28pending%2Cpreparing%2Cready%29:0
[ 2772765ms] [ERROR] Kitchen orders fetch error: {message: TypeError: Failed to fetch, details: TypeError: Failed to fetch
    at http://localhost…lse&lazy=true&transform.routerRoot=app:150369:13), hint: , code: } @ http://localhost:8081/node_modules/expo-router/entry.bundle?platform=web&dev=true&hot=false&lazy=true&transform.routerRoot=app:901
[ 2772810ms] [ERROR] Failed to load resource: net::ERR_NAME_NOT_RESOLVED @ https://zqubwvhstobaugifzoyb.supabase.co/rest/v1/orders?select=id%2Ctotal_amount&company_id=eq.00000000-0000-0000-0000-000000000001&created_at=gte.2026-09-01T22%3A00%3A00.000Z:0
[ 2772810ms] [ERROR] Failed to load resource: net::ERR_NAME_NOT_RESOLVED @ https://zqubwvhstobaugifzoyb.supabase.co/rest/v1/orders?select=id&company_id=eq.00000000-0000-0000-0000-000000000001&status=in.%28pending%2Cpreparing%29:0
[ 2772810ms] [ERROR] Failed to load resource: net::ERR_NAME_NOT_RESOLVED @ https://zqubwvhstobaugifzoyb.supabase.co/rest/v1/products?select=id&company_id=eq.00000000-0000-0000-0000-000000000001&active=eq.true:0
[ 2772810ms] [ERROR] Failed to load resource: net::ERR_NAME_NOT_RESOLVED @ https://zqubwvhstobaugifzoyb.supabase.co/rest/v1/orders?select=created_at%2Cstatus&company_id=eq.00000000-0000-0000-0000-000000000001&created_at=gte.2026-08-26T22%3A00%3A00.000Z:0
[ 2772810ms] [ERROR] Failed to load resource: net::ERR_NAME_NOT_RESOLVED @ https://zqubwvhstobaugifzoyb.supabase.co/rest/v1/orders?select=created_at%2Ctotal_amount%2Cstatus%2Corder_type&company_id=eq.00000000-0000-0000-0000-000000000001&created_at=gte.2026-07-29T22%3A00%3A00.000Z:0
[ 2774147ms] [ERROR] Failed to load resource: net::ERR_NAME_NOT_RESOLVED @ https://zqubwvhstobaugifzoyb.supabase.co/rest/v1/products?select=id&company_id=eq.00000000-0000-0000-0000-000000000001&active=eq.true:0
[ 2774147ms] [ERROR] Failed to load resource: net::ERR_NAME_NOT_RESOLVED @ https://zqubwvhstobaugifzoyb.supabase.co/rest/v1/orders?select=id&company_id=eq.00000000-0000-0000-0000-000000000001&status=in.%28pending%2Cpreparing%29:0
[ 2774148ms] [ERROR] Failed to load resource: net::ERR_NAME_NOT_RESOLVED @ https://zqubwvhstobaugifzoyb.supabase.co/rest/v1/orders?select=created_at%2Cstatus&company_id=eq.00000000-0000-0000-0000-000000000001&created_at=gte.2026-08-26T22%3A00%3A00.000Z:0
[ 2774148ms] [ERROR] Failed to load resource: net::ERR_NAME_NOT_RESOLVED @ https://zqubwvhstobaugifzoyb.supabase.co/rest/v1/orders?select=id%2Ctotal_amount&company_id=eq.00000000-0000-0000-0000-000000000001&created_at=gte.2026-09-01T22%3A00%3A00.000Z:0
[ 2774148ms] [ERROR] Failed to load resource: net::ERR_NAME_NOT_RESOLVED @ https://zqubwvhstobaugifzoyb.supabase.co/rest/v1/orders?select=created_at%2Ctotal_amount%2Cstatus%2Corder_type&company_id=eq.00000000-0000-0000-0000-000000000001&created_at=gte.2026-07-29T22%3A00%3A00.000Z:0
[ 2776496ms] [ERROR] WebSocket connection to 'wss://zqubwvhstobaugifzoyb.supabase.co/realtime/v1/websocket?apikey=eyJhbGciOiJIUzI1NiIsInR5cCI6IkpXVCJ9.eyJpc3MiOiJzdXBhYmFzZSIsInJlZiI6InpxdWJ3dmhzdG9iYXVnaWZ6b3liIiwicm9sZSI6ImFub24iLCJpYXQiOjE3Njg0MDg3OTksImV4cCI6MjA4Mzk4NDc5OX0.IWQDg4CNo8UHVMkFhXVkDG1O1IxoADpMX938kapr-SE&vsn=1.0.0' failed: Error in connection establishment: net::ERR_NAME_NOT_RESOLVED @ http://localhost:8081/node_modules/expo-router/entry.bundle?platform=web&dev=true&hot=false&lazy=true&transform.routerRoot=app:99787
[ 2776607ms] [ERROR] Failed to load resource: net::ERR_NAME_NOT_RESOLVED @ https://zqubwvhstobaugifzoyb.supabase.co/rest/v1/orders?select=id%2Ctotal_amount&company_id=eq.00000000-0000-0000-0000-000000000001&created_at=gte.2026-09-01T22%3A00%3A00.000Z:0
[ 2776607ms] [ERROR] Failed to load resource: net::ERR_NAME_NOT_RESOLVED @ https://zqubwvhstobaugifzoyb.supabase.co/rest/v1/orders?select=id&company_id=eq.00000000-0000-0000-0000-000000000001&status=in.%28pending%2Cpreparing%29:0
[ 2776607ms] [ERROR] Failed to load resource: net::ERR_NAME_NOT_RESOLVED @ https://zqubwvhstobaugifzoyb.supabase.co/rest/v1/products?select=id&company_id=eq.00000000-0000-0000-0000-000000000001&active=eq.true:0
[ 2776608ms] [ERROR] Failed to load resource: net::ERR_NAME_NOT_RESOLVED @ https://zqubwvhstobaugifzoyb.supabase.co/rest/v1/orders?select=created_at%2Cstatus&company_id=eq.00000000-0000-0000-0000-000000000001&created_at=gte.2026-08-26T22%3A00%3A00.000Z:0
[ 2776608ms] [ERROR] Failed to load resource: net::ERR_NAME_NOT_RESOLVED @ https://zqubwvhstobaugifzoyb.supabase.co/rest/v1/orders?select=created_at%2Ctotal_amount%2Cstatus%2Corder_type&company_id=eq.00000000-0000-0000-0000-000000000001&created_at=gte.2026-07-29T22%3A00%3A00.000Z:0
[ 2776669ms] [ERROR] Failed to load resource: net::ERR_NAME_NOT_RESOLVED @ https://zqubwvhstobaugifzoyb.supabase.co/rest/v1/orders?select=id%2Cdisplay_code%2Ccustomer_name%2Ccustomer_phone%2Ctotal_amount%2Corder_type%2Cdelivery_address%2Ctable_number%2Ccreated_at&company_id=eq.00000000-0000-0000-0000-000000000001&status=eq.pending&order=created_at.asc&limit=20:0
[ 2776669ms] [ERROR] [OrderNotification] pending fetch failed: {message: TypeError: Failed to fetch, details: TypeError: Failed to fetch
    at http://localhost…alse&lazy=true&transform.routerRoot=app:203393:26, hint: , code: } @ http://localhost:8081/node_modules/expo-router/entry.bundle?platform=web&dev=true&hot=false&lazy=true&transform.routerRoot=app:901
[ 2776832ms] [ERROR] Failed to load resource: net::ERR_NAME_NOT_RESOLVED @ https://zqubwvhstobaugifzoyb.supabase.co/rest/v1/orders?select=id%2Cdisplay_code%2Ccustomer_name%2Ccustomer_phone%2Ctotal_amount%2Corder_type%2Cdelivery_address%2Ctable_number%2Ccreated_at&company_id=eq.00000000-0000-0000-0000-000000000001&status=eq.pending&order=created_at.asc&limit=20:0
[ 2776832ms] [ERROR] [OrderNotification] pending fetch failed: {message: TypeError: Failed to fetch, details: TypeError: Failed to fetch
    at http://localhost…alse&lazy=true&transform.routerRoot=app:203393:26, hint: , code: } @ http://localhost:8081/node_modules/expo-router/entry.bundle?platform=web&dev=true&hot=false&lazy=true&transform.routerRoot=app:901
[ 2780826ms] [ERROR] Failed to load resource: net::ERR_NAME_NOT_RESOLVED @ https://zqubwvhstobaugifzoyb.supabase.co/rest/v1/orders?select=id%2Ctotal_amount&company_id=eq.00000000-0000-0000-0000-000000000001&created_at=gte.2026-09-01T22%3A00%3A00.000Z:0
[ 2780826ms] [ERROR] Failed to load resource: net::ERR_NAME_NOT_RESOLVED @ https://zqubwvhstobaugifzoyb.supabase.co/rest/v1/orders?select=id&company_id=eq.00000000-0000-0000-0000-000000000001&status=in.%28pending%2Cpreparing%29:0
[ 2780826ms] [ERROR] Failed to load resource: net::ERR_NAME_NOT_RESOLVED @ https://zqubwvhstobaugifzoyb.supabase.co/rest/v1/products?select=id&company_id=eq.00000000-0000-0000-0000-000000000001&active=eq.true:0
[ 2780826ms] [ERROR] Failed to load resource: net::ERR_NAME_NOT_RESOLVED @ https://zqubwvhstobaugifzoyb.supabase.co/rest/v1/orders?select=created_at%2Cstatus&company_id=eq.00000000-0000-0000-0000-000000000001&created_at=gte.2026-08-26T22%3A00%3A00.000Z:0
[ 2780826ms] [ERROR] Failed to load resource: net::ERR_NAME_NOT_RESOLVED @ https://zqubwvhstobaugifzoyb.supabase.co/rest/v1/orders?select=created_at%2Ctotal_amount%2Cstatus%2Corder_type&company_id=eq.00000000-0000-0000-0000-000000000001&created_at=gte.2026-07-29T22%3A00%3A00.000Z:0
[ 2781293ms] [ERROR] Failed to load resource: net::ERR_NAME_NOT_RESOLVED @ https://zqubwvhstobaugifzoyb.supabase.co/rest/v1/orders?select=id%2Cdisplay_code%2Ccustomer_name%2Ccustomer_phone%2Ctotal_amount%2Corder_type%2Cdelivery_address%2Ctable_number%2Ccreated_at&company_id=eq.00000000-0000-0000-0000-000000000001&status=eq.pending&order=created_at.asc&limit=20:0
[ 2781293ms] [ERROR] [OrderNotification] pending fetch failed: {message: TypeError: Failed to fetch, details: TypeError: Failed to fetch
    at http://localhost…alse&lazy=true&transform.routerRoot=app:203393:26, hint: , code: } @ http://localhost:8081/node_modules/expo-router/entry.bundle?platform=web&dev=true&hot=false&lazy=true&transform.routerRoot=app:901
[ 2782896ms] [ERROR] Failed to load resource: net::ERR_NAME_NOT_RESOLVED @ https://zqubwvhstobaugifzoyb.supabase.co/rest/v1/orders?select=id%2Ccreated_at%2Cstatus%2Ctotal_amount%2Ccustomer_name%2Cdecline_reason_preset%2Cdecline_reason_note&company_id=eq.00000000-0000-0000-0000-000000000001&status=in.%28pending%2Cpreparing%2Cready%2Ccancelled%29&order=created_at.desc&limit=12:0
[ 2782896ms] [ERROR] Failed to load resource: net::ERR_NAME_NOT_RESOLVED @ https://zqubwvhstobaugifzoyb.supabase.co/rest/v1/orders?select=*%2Corder_items%28*%2Cproduct%3Aproducts%28*%29%29&company_id=eq.00000000-0000-0000-0000-000000000001&order=created_at.asc&status=in.%28pending%2Cpreparing%2Cready%29:0
[ 2782897ms] [ERROR] Kitchen orders fetch error: {message: TypeError: Failed to fetch, details: TypeError: Failed to fetch
    at http://localhost…lse&lazy=true&transform.routerRoot=app:150369:13), hint: , code: } @ http://localhost:8081/node_modules/expo-router/entry.bundle?platform=web&dev=true&hot=false&lazy=true&transform.routerRoot=app:901
[ 2784361ms] [ERROR] Failed to load resource: net::ERR_NAME_NOT_RESOLVED @ https://zqubwvhstobaugifzoyb.supabase.co/rest/v1/orders?select=id%2Ccreated_at%2Cstatus%2Ctotal_amount%2Ccustomer_name%2Cdecline_reason_preset%2Cdecline_reason_note&company_id=eq.00000000-0000-0000-0000-000000000001&status=in.%28pending%2Cpreparing%2Cready%2Ccancelled%29&order=created_at.desc&limit=12:0
[ 2784362ms] [ERROR] Failed to load resource: net::ERR_NAME_NOT_RESOLVED @ https://zqubwvhstobaugifzoyb.supabase.co/rest/v1/orders?select=*%2Corder_items%28*%2Cproduct%3Aproducts%28*%29%29&company_id=eq.00000000-0000-0000-0000-000000000001&order=created_at.asc&status=in.%28pending%2Cpreparing%2Cready%29:0
[ 2784362ms] [ERROR] Kitchen orders fetch error: {message: TypeError: Failed to fetch, details: TypeError: Failed to fetch
    at http://localhost…lse&lazy=true&transform.routerRoot=app:150369:13), hint: , code: } @ http://localhost:8081/node_modules/expo-router/entry.bundle?platform=web&dev=true&hot=false&lazy=true&transform.routerRoot=app:901
[ 2786490ms] [ERROR] Failed to load resource: net::ERR_NAME_NOT_RESOLVED @ https://zqubwvhstobaugifzoyb.supabase.co/rest/v1/orders?select=id%2Ccreated_at%2Cstatus%2Ctotal_amount%2Ccustomer_name%2Cdecline_reason_preset%2Cdecline_reason_note&company_id=eq.00000000-0000-0000-0000-000000000001&status=in.%28pending%2Cpreparing%2Cready%2Ccancelled%29&order=created_at.desc&limit=12:0
[ 2786490ms] [ERROR] Failed to load resource: net::ERR_NAME_NOT_RESOLVED @ https://zqubwvhstobaugifzoyb.supabase.co/rest/v1/orders?select=*%2Corder_items%28*%2Cproduct%3Aproducts%28*%29%29&company_id=eq.00000000-0000-0000-0000-000000000001&order=created_at.asc&status=in.%28pending%2Cpreparing%2Cready%29:0
[ 2786490ms] [ERROR] Kitchen orders fetch error: {message: TypeError: Failed to fetch, details: TypeError: Failed to fetch
    at http://localhost…lse&lazy=true&transform.routerRoot=app:150369:13), hint: , code: } @ http://localhost:8081/node_modules/expo-router/entry.bundle?platform=web&dev=true&hot=false&lazy=true&transform.routerRoot=app:901
[ 2786579ms] [ERROR] WebSocket connection to 'wss://zqubwvhstobaugifzoyb.supabase.co/realtime/v1/websocket?apikey=eyJhbGciOiJIUzI1NiIsInR5cCI6IkpXVCJ9.eyJpc3MiOiJzdXBhYmFzZSIsInJlZiI6InpxdWJ3dmhzdG9iYXVnaWZ6b3liIiwicm9sZSI6ImFub24iLCJpYXQiOjE3Njg0MDg3OTksImV4cCI6MjA4Mzk4NDc5OX0.IWQDg4CNo8UHVMkFhXVkDG1O1IxoADpMX938kapr-SE&vsn=1.0.0' failed: Error in connection establishment: net::ERR_NAME_NOT_RESOLVED @ http://localhost:8081/node_modules/expo-router/entry.bundle?platform=web&dev=true&hot=false&lazy=true&transform.routerRoot=app:99787
[ 2786764ms] [ERROR] Failed to load resource: net::ERR_NAME_NOT_RESOLVED @ https://zqubwvhstobaugifzoyb.supabase.co/rest/v1/orders?select=id%2Cdisplay_code%2Ccustomer_name%2Ccustomer_phone%2Ctotal_amount%2Corder_type%2Cdelivery_address%2Ctable_number%2Ccreated_at&company_id=eq.00000000-0000-0000-0000-000000000001&status=eq.pending&order=created_at.asc&limit=20:0
[ 2786764ms] [ERROR] [OrderNotification] pending fetch failed: {message: TypeError: Failed to fetch, details: TypeError: Failed to fetch
    at http://localhost…alse&lazy=true&transform.routerRoot=app:203393:26, hint: , code: } @ http://localhost:8081/node_modules/expo-router/entry.bundle?platform=web&dev=true&hot=false&lazy=true&transform.routerRoot=app:901
[ 2786889ms] [ERROR] Failed to load resource: net::ERR_NAME_NOT_RESOLVED @ https://zqubwvhstobaugifzoyb.supabase.co/rest/v1/orders?select=id%2Cdisplay_code%2Ccustomer_name%2Ccustomer_phone%2Ctotal_amount%2Corder_type%2Cdelivery_address%2Ctable_number%2Ccreated_at&company_id=eq.00000000-0000-0000-0000-000000000001&status=eq.pending&order=created_at.asc&limit=20:0
[ 2786889ms] [ERROR] [OrderNotification] pending fetch failed: {message: TypeError: Failed to fetch, details: TypeError: Failed to fetch
    at http://localhost…alse&lazy=true&transform.routerRoot=app:203393:26, hint: , code: } @ http://localhost:8081/node_modules/expo-router/entry.bundle?platform=web&dev=true&hot=false&lazy=true&transform.routerRoot=app:901
[ 2790684ms] [ERROR] Failed to load resource: net::ERR_NAME_NOT_RESOLVED @ https://zqubwvhstobaugifzoyb.supabase.co/rest/v1/orders?select=id%2Ccreated_at%2Cstatus%2Ctotal_amount%2Ccustomer_name%2Cdecline_reason_preset%2Cdecline_reason_note&company_id=eq.00000000-0000-0000-0000-000000000001&status=in.%28pending%2Cpreparing%2Cready%2Ccancelled%29&order=created_at.desc&limit=12:0
[ 2790685ms] [ERROR] Failed to load resource: net::ERR_NAME_NOT_RESOLVED @ https://zqubwvhstobaugifzoyb.supabase.co/rest/v1/orders?select=*%2Corder_items%28*%2Cproduct%3Aproducts%28*%29%29&company_id=eq.00000000-0000-0000-0000-000000000001&order=created_at.asc&status=in.%28pending%2Cpreparing%2Cready%29:0
[ 2790685ms] [ERROR] Kitchen orders fetch error: {message: TypeError: Failed to fetch, details: TypeError: Failed to fetch
    at http://localhost…lse&lazy=true&transform.routerRoot=app:150369:13), hint: , code: } @ http://localhost:8081/node_modules/expo-router/entry.bundle?platform=web&dev=true&hot=false&lazy=true&transform.routerRoot=app:901
[ 2791049ms] [ERROR] Failed to load resource: net::ERR_NAME_NOT_RESOLVED @ https://zqubwvhstobaugifzoyb.supabase.co/rest/v1/orders?select=id%2Ctotal_amount&company_id=eq.00000000-0000-0000-0000-000000000001&created_at=gte.2026-09-01T22%3A00%3A00.000Z:0
[ 2791049ms] [ERROR] Failed to load resource: net::ERR_NAME_NOT_RESOLVED @ https://zqubwvhstobaugifzoyb.supabase.co/rest/v1/orders?select=id&company_id=eq.00000000-0000-0000-0000-000000000001&status=in.%28pending%2Cpreparing%29:0
[ 2791049ms] [ERROR] Failed to load resource: net::ERR_NAME_NOT_RESOLVED @ https://zqubwvhstobaugifzoyb.supabase.co/rest/v1/products?select=id&company_id=eq.00000000-0000-0000-0000-000000000001&active=eq.true:0
[ 2791049ms] [ERROR] Failed to load resource: net::ERR_NAME_NOT_RESOLVED @ https://zqubwvhstobaugifzoyb.supabase.co/rest/v1/orders?select=created_at%2Cstatus&company_id=eq.00000000-0000-0000-0000-000000000001&created_at=gte.2026-08-26T22%3A00%3A00.000Z:0
[ 2791049ms] [ERROR] Failed to load resource: net::ERR_NAME_NOT_RESOLVED @ https://zqubwvhstobaugifzoyb.supabase.co/rest/v1/orders?select=created_at%2Ctotal_amount%2Cstatus%2Corder_type&company_id=eq.00000000-0000-0000-0000-000000000001&created_at=gte.2026-07-29T22%3A00%3A00.000Z:0
[ 2791290ms] [ERROR] Failed to load resource: net::ERR_NAME_NOT_RESOLVED @ https://zqubwvhstobaugifzoyb.supabase.co/rest/v1/orders?select=id%2Cdisplay_code%2Ccustomer_name%2Ccustomer_phone%2Ctotal_amount%2Corder_type%2Cdelivery_address%2Ctable_number%2Ccreated_at&company_id=eq.00000000-0000-0000-0000-000000000001&status=eq.pending&order=created_at.asc&limit=20:0
[ 2791290ms] [ERROR] [OrderNotification] pending fetch failed: {message: TypeError: Failed to fetch, details: TypeError: Failed to fetch
    at http://localhost…alse&lazy=true&transform.routerRoot=app:203393:26, hint: , code: } @ http://localhost:8081/node_modules/expo-router/entry.bundle?platform=web&dev=true&hot=false&lazy=true&transform.routerRoot=app:901
[ 2792481ms] [ERROR] Failed to load resource: net::ERR_NAME_NOT_RESOLVED @ https://zqubwvhstobaugifzoyb.supabase.co/rest/v1/orders?select=id&company_id=eq.00000000-0000-0000-0000-000000000001&status=in.%28pending%2Cpreparing%29:0
[ 2792481ms] [ERROR] Failed to load resource: net::ERR_NAME_NOT_RESOLVED @ https://zqubwvhstobaugifzoyb.supabase.co/rest/v1/orders?select=created_at%2Cstatus&company_id=eq.00000000-0000-0000-0000-000000000001&created_at=gte.2026-08-26T22%3A00%3A00.000Z:0
[ 2792481ms] [ERROR] Failed to load resource: net::ERR_NAME_NOT_RESOLVED @ https://zqubwvhstobaugifzoyb.supabase.co/rest/v1/orders?select=id%2Ctotal_amount&company_id=eq.00000000-0000-0000-0000-000000000001&created_at=gte.2026-09-01T22%3A00%3A00.000Z:0
[ 2792481ms] [ERROR] Failed to load resource: net::ERR_NAME_NOT_RESOLVED @ https://zqubwvhstobaugifzoyb.supabase.co/rest/v1/products?select=id&company_id=eq.00000000-0000-0000-0000-000000000001&active=eq.true:0
[ 2792481ms] [ERROR] Failed to load resource: net::ERR_NAME_NOT_RESOLVED @ https://zqubwvhstobaugifzoyb.supabase.co/rest/v1/orders?select=created_at%2Ctotal_amount%2Cstatus%2Corder_type&company_id=eq.00000000-0000-0000-0000-000000000001&created_at=gte.2026-07-29T22%3A00%3A00.000Z:0
[ 2794826ms] [ERROR] Failed to load resource: net::ERR_NAME_NOT_RESOLVED @ https://zqubwvhstobaugifzoyb.supabase.co/rest/v1/orders?select=id%2Ctotal_amount&company_id=eq.00000000-0000-0000-0000-000000000001&created_at=gte.2026-09-01T22%3A00%3A00.000Z:0
[ 2794826ms] [ERROR] Failed to load resource: net::ERR_NAME_NOT_RESOLVED @ https://zqubwvhstobaugifzoyb.supabase.co/rest/v1/orders?select=created_at%2Cstatus&company_id=eq.00000000-0000-0000-0000-000000000001&created_at=gte.2026-08-26T22%3A00%3A00.000Z:0
[ 2794826ms] [ERROR] Failed to load resource: net::ERR_NAME_NOT_RESOLVED @ https://zqubwvhstobaugifzoyb.supabase.co/rest/v1/orders?select=id&company_id=eq.00000000-0000-0000-0000-000000000001&status=in.%28pending%2Cpreparing%29:0
[ 2794826ms] [ERROR] Failed to load resource: net::ERR_NAME_NOT_RESOLVED @ https://zqubwvhstobaugifzoyb.supabase.co/rest/v1/products?select=id&company_id=eq.00000000-0000-0000-0000-000000000001&active=eq.true:0
[ 2794826ms] [ERROR] Failed to load resource: net::ERR_NAME_NOT_RESOLVED @ https://zqubwvhstobaugifzoyb.supabase.co/rest/v1/orders?select=created_at%2Ctotal_amount%2Cstatus%2Corder_type&company_id=eq.00000000-0000-0000-0000-000000000001&created_at=gte.2026-07-29T22%3A00%3A00.000Z:0
[ 2796735ms] [ERROR] WebSocket connection to 'wss://zqubwvhstobaugifzoyb.supabase.co/realtime/v1/websocket?apikey=eyJhbGciOiJIUzI1NiIsInR5cCI6IkpXVCJ9.eyJpc3MiOiJzdXBhYmFzZSIsInJlZiI6InpxdWJ3dmhzdG9iYXVnaWZ6b3liIiwicm9sZSI6ImFub24iLCJpYXQiOjE3Njg0MDg3OTksImV4cCI6MjA4Mzk4NDc5OX0.IWQDg4CNo8UHVMkFhXVkDG1O1IxoADpMX938kapr-SE&vsn=1.0.0' failed: Error in connection establishment: net::ERR_NAME_NOT_RESOLVED @ http://localhost:8081/node_modules/expo-router/entry.bundle?platform=web&dev=true&hot=false&lazy=true&transform.routerRoot=app:99787
[ 2796898ms] [ERROR] Failed to load resource: net::ERR_NAME_NOT_RESOLVED @ https://zqubwvhstobaugifzoyb.supabase.co/rest/v1/orders?select=id%2Cdisplay_code%2Ccustomer_name%2Ccustomer_phone%2Ctotal_amount%2Corder_type%2Cdelivery_address%2Ctable_number%2Ccreated_at&company_id=eq.00000000-0000-0000-0000-000000000001&status=eq.pending&order=created_at.asc&limit=20:0
[ 2796898ms] [ERROR] [OrderNotification] pending fetch failed: {message: TypeError: Failed to fetch, details: TypeError: Failed to fetch
    at http://localhost…alse&lazy=true&transform.routerRoot=app:203393:26, hint: , code: } @ http://localhost:8081/node_modules/expo-router/entry.bundle?platform=web&dev=true&hot=false&lazy=true&transform.routerRoot=app:901
[ 2797097ms] [ERROR] Failed to load resource: net::ERR_NAME_NOT_RESOLVED @ https://zqubwvhstobaugifzoyb.supabase.co/rest/v1/orders?select=id%2Cdisplay_code%2Ccustomer_name%2Ccustomer_phone%2Ctotal_amount%2Corder_type%2Cdelivery_address%2Ctable_number%2Ccreated_at&company_id=eq.00000000-0000-0000-0000-000000000001&status=eq.pending&order=created_at.asc&limit=20:0
[ 2797098ms] [ERROR] [OrderNotification] pending fetch failed: {message: TypeError: Failed to fetch, details: TypeError: Failed to fetch
    at http://localhost…alse&lazy=true&transform.routerRoot=app:203393:26, hint: , code: } @ http://localhost:8081/node_modules/expo-router/entry.bundle?platform=web&dev=true&hot=false&lazy=true&transform.routerRoot=app:901
[ 2798754ms] [ERROR] Failed to load resource: net::ERR_NAME_NOT_RESOLVED @ https://zqubwvhstobaugifzoyb.supabase.co/rest/v1/orders?select=*%2Corder_items%28*%2Cproduct%3Aproducts%28*%29%29&company_id=eq.00000000-0000-0000-0000-000000000001&order=created_at.desc&limit=100:0
[ 2798754ms] [ERROR] Admin orders fetch error: {message: TypeError: Failed to fetch, details: TypeError: Failed to fetch
    at http://localhost…lse&lazy=true&transform.routerRoot=app:202542:13), hint: , code: } @ http://localhost:8081/node_modules/expo-router/entry.bundle?platform=web&dev=true&hot=false&lazy=true&transform.routerRoot=app:901
[ 2798965ms] [ERROR] Failed to load resource: net::ERR_NAME_NOT_RESOLVED @ https://zqubwvhstobaugifzoyb.supabase.co/rest/v1/orders?select=id%2Ctotal_amount&company_id=eq.00000000-0000-0000-0000-000000000001&created_at=gte.2026-09-01T22%3A00%3A00.000Z:0
[ 2798965ms] [ERROR] Failed to load resource: net::ERR_NAME_NOT_RESOLVED @ https://zqubwvhstobaugifzoyb.supabase.co/rest/v1/orders?select=id&company_id=eq.00000000-0000-0000-0000-000000000001&status=in.%28pending%2Cpreparing%29:0
[ 2798965ms] [ERROR] Failed to load resource: net::ERR_NAME_NOT_RESOLVED @ https://zqubwvhstobaugifzoyb.supabase.co/rest/v1/products?select=id&company_id=eq.00000000-0000-0000-0000-000000000001&active=eq.true:0
[ 2798965ms] [ERROR] Failed to load resource: net::ERR_NAME_NOT_RESOLVED @ https://zqubwvhstobaugifzoyb.supabase.co/rest/v1/orders?select=created_at%2Cstatus&company_id=eq.00000000-0000-0000-0000-000000000001&created_at=gte.2026-08-26T22%3A00%3A00.000Z:0
[ 2798965ms] [ERROR] Failed to load resource: net::ERR_NAME_NOT_RESOLVED @ https://zqubwvhstobaugifzoyb.supabase.co/rest/v1/orders?select=created_at%2Ctotal_amount%2Cstatus%2Corder_type&company_id=eq.00000000-0000-0000-0000-000000000001&created_at=gte.2026-07-29T22%3A00%3A00.000Z:0
[ 2799928ms] [ERROR] Failed to load resource: net::ERR_NAME_NOT_RESOLVED @ https://zqubwvhstobaugifzoyb.supabase.co/rest/v1/orders?select=*%2Corder_items%28*%2Cproduct%3Aproducts%28*%29%29&company_id=eq.00000000-0000-0000-0000-000000000001&order=created_at.desc&limit=100:0
[ 2799928ms] [ERROR] Admin orders fetch error: {message: TypeError: Failed to fetch, details: TypeError: Failed to fetch
    at http://localhost…lse&lazy=true&transform.routerRoot=app:202542:13), hint: , code: } @ http://localhost:8081/node_modules/expo-router/entry.bundle?platform=web&dev=true&hot=false&lazy=true&transform.routerRoot=app:901
[ 2801014ms] [ERROR] Failed to load resource: net::ERR_NAME_NOT_RESOLVED @ https://zqubwvhstobaugifzoyb.supabase.co/rest/v1/orders?select=id%2Ccreated_at%2Cstatus%2Ctotal_amount%2Ccustomer_name%2Cdecline_reason_preset%2Cdecline_reason_note&company_id=eq.00000000-0000-0000-0000-000000000001&status=in.%28pending%2Cpreparing%2Cready%2Ccancelled%29&order=created_at.desc&limit=12:0
[ 2801015ms] [ERROR] Failed to load resource: net::ERR_NAME_NOT_RESOLVED @ https://zqubwvhstobaugifzoyb.supabase.co/rest/v1/orders?select=*%2Corder_items%28*%2Cproduct%3Aproducts%28*%29%29&company_id=eq.00000000-0000-0000-0000-000000000001&order=created_at.asc&status=in.%28pending%2Cpreparing%2Cready%29:0
[ 2801015ms] [ERROR] Kitchen orders fetch error: {message: TypeError: Failed to fetch, details: TypeError: Failed to fetch
    at http://localhost…lse&lazy=true&transform.routerRoot=app:150369:13), hint: , code: } @ http://localhost:8081/node_modules/expo-router/entry.bundle?platform=web&dev=true&hot=false&lazy=true&transform.routerRoot=app:901
[ 2801438ms] [ERROR] Failed to load resource: net::ERR_NAME_NOT_RESOLVED @ https://zqubwvhstobaugifzoyb.supabase.co/rest/v1/orders?select=id%2Cdisplay_code%2Ccustomer_name%2Ccustomer_phone%2Ctotal_amount%2Corder_type%2Cdelivery_address%2Ctable_number%2Ccreated_at&company_id=eq.00000000-0000-0000-0000-000000000001&status=eq.pending&order=created_at.asc&limit=20:0
[ 2801438ms] [ERROR] [OrderNotification] pending fetch failed: {message: TypeError: Failed to fetch, details: TypeError: Failed to fetch
    at http://localhost…alse&lazy=true&transform.routerRoot=app:203393:26, hint: , code: } @ http://localhost:8081/node_modules/expo-router/entry.bundle?platform=web&dev=true&hot=false&lazy=true&transform.routerRoot=app:901
[ 2802007ms] [ERROR] Failed to load resource: net::ERR_NAME_NOT_RESOLVED @ https://zqubwvhstobaugifzoyb.supabase.co/rest/v1/orders?select=*%2Corder_items%28*%2Cproduct%3Aproducts%28*%29%29&company_id=eq.00000000-0000-0000-0000-000000000001&order=created_at.desc&limit=100:0
[ 2802007ms] [ERROR] Admin orders fetch error: {message: TypeError: Failed to fetch, details: TypeError: Failed to fetch
    at http://localhost…lse&lazy=true&transform.routerRoot=app:202542:13), hint: , code: } @ http://localhost:8081/node_modules/expo-router/entry.bundle?platform=web&dev=true&hot=false&lazy=true&transform.routerRoot=app:901
[ 2802081ms] [ERROR] Failed to load resource: net::ERR_NAME_NOT_RESOLVED @ https://zqubwvhstobaugifzoyb.supabase.co/rest/v1/orders?select=id%2Ccreated_at%2Cstatus%2Ctotal_amount%2Ccustomer_name%2Cdecline_reason_preset%2Cdecline_reason_note&company_id=eq.00000000-0000-0000-0000-000000000001&status=in.%28pending%2Cpreparing%2Cready%2Ccancelled%29&order=created_at.desc&limit=12:0
[ 2802082ms] [ERROR] Failed to load resource: net::ERR_NAME_NOT_RESOLVED @ https://zqubwvhstobaugifzoyb.supabase.co/rest/v1/orders?select=*%2Corder_items%28*%2Cproduct%3Aproducts%28*%29%29&company_id=eq.00000000-0000-0000-0000-000000000001&order=created_at.asc&status=in.%28pending%2Cpreparing%2Cready%29:0
[ 2802082ms] [ERROR] Kitchen orders fetch error: {message: TypeError: Failed to fetch, details: TypeError: Failed to fetch
    at http://localhost…lse&lazy=true&transform.routerRoot=app:150369:13), hint: , code: } @ http://localhost:8081/node_modules/expo-router/entry.bundle?platform=web&dev=true&hot=false&lazy=true&transform.routerRoot=app:901
[ 2804578ms] [ERROR] Failed to load resource: net::ERR_NAME_NOT_RESOLVED @ https://zqubwvhstobaugifzoyb.supabase.co/rest/v1/orders?select=id%2Ccreated_at%2Cstatus%2Ctotal_amount%2Ccustomer_name%2Cdecline_reason_preset%2Cdecline_reason_note&company_id=eq.00000000-0000-0000-0000-000000000001&status=in.%28pending%2Cpreparing%2Cready%2Ccancelled%29&order=created_at.desc&limit=12:0
[ 2804578ms] [ERROR] Failed to load resource: net::ERR_NAME_NOT_RESOLVED @ https://zqubwvhstobaugifzoyb.supabase.co/rest/v1/orders?select=*%2Corder_items%28*%2Cproduct%3Aproducts%28*%29%29&company_id=eq.00000000-0000-0000-0000-000000000001&order=created_at.asc&status=in.%28pending%2Cpreparing%2Cready%29:0
[ 2804578ms] [ERROR] Kitchen orders fetch error: {message: TypeError: Failed to fetch, details: TypeError: Failed to fetch
    at http://localhost…lse&lazy=true&transform.routerRoot=app:150369:13), hint: , code: } @ http://localhost:8081/node_modules/expo-router/entry.bundle?platform=web&dev=true&hot=false&lazy=true&transform.routerRoot=app:901
[ 2806216ms] [ERROR] Failed to load resource: net::ERR_NAME_NOT_RESOLVED @ https://zqubwvhstobaugifzoyb.supabase.co/rest/v1/orders?select=*%2Corder_items%28*%2Cproduct%3Aproducts%28*%29%29&company_id=eq.00000000-0000-0000-0000-000000000001&order=created_at.desc&limit=100:0
[ 2806216ms] [ERROR] Admin orders fetch error: {message: TypeError: Failed to fetch, details: TypeError: Failed to fetch
    at http://localhost…lse&lazy=true&transform.routerRoot=app:202542:13), hint: , code: } @ http://localhost:8081/node_modules/expo-router/entry.bundle?platform=web&dev=true&hot=false&lazy=true&transform.routerRoot=app:901
[ 2806886ms] [ERROR] WebSocket connection to 'wss://zqubwvhstobaugifzoyb.supabase.co/realtime/v1/websocket?apikey=eyJhbGciOiJIUzI1NiIsInR5cCI6IkpXVCJ9.eyJpc3MiOiJzdXBhYmFzZSIsInJlZiI6InpxdWJ3dmhzdG9iYXVnaWZ6b3liIiwicm9sZSI6ImFub24iLCJpYXQiOjE3Njg0MDg3OTksImV4cCI6MjA4Mzk4NDc5OX0.IWQDg4CNo8UHVMkFhXVkDG1O1IxoADpMX938kapr-SE&vsn=1.0.0' failed: Error in connection establishment: net::ERR_NAME_NOT_RESOLVED @ http://localhost:8081/node_modules/expo-router/entry.bundle?platform=web&dev=true&hot=false&lazy=true&transform.routerRoot=app:99787
[ 2807039ms] [ERROR] Failed to load resource: net::ERR_NAME_NOT_RESOLVED @ https://zqubwvhstobaugifzoyb.supabase.co/rest/v1/orders?select=id%2Cdisplay_code%2Ccustomer_name%2Ccustomer_phone%2Ctotal_amount%2Corder_type%2Cdelivery_address%2Ctable_number%2Ccreated_at&company_id=eq.00000000-0000-0000-0000-000000000001&status=eq.pending&order=created_at.asc&limit=20:0
[ 2807039ms] [ERROR] [OrderNotification] pending fetch failed: {message: TypeError: Failed to fetch, details: TypeError: Failed to fetch
    at http://localhost…alse&lazy=true&transform.routerRoot=app:203393:26, hint: , code: } @ http://localhost:8081/node_modules/expo-router/entry.bundle?platform=web&dev=true&hot=false&lazy=true&transform.routerRoot=app:901
[ 2807164ms] [ERROR] Failed to load resource: net::ERR_NAME_NOT_RESOLVED @ https://zqubwvhstobaugifzoyb.supabase.co/rest/v1/orders?select=id%2Cdisplay_code%2Ccustomer_name%2Ccustomer_phone%2Ctotal_amount%2Corder_type%2Cdelivery_address%2Ctable_number%2Ccreated_at&company_id=eq.00000000-0000-0000-0000-000000000001&status=eq.pending&order=created_at.asc&limit=20:0
[ 2807164ms] [ERROR] [OrderNotification] pending fetch failed: {message: TypeError: Failed to fetch, details: TypeError: Failed to fetch
    at http://localhost…alse&lazy=true&transform.routerRoot=app:203393:26, hint: , code: } @ http://localhost:8081/node_modules/expo-router/entry.bundle?platform=web&dev=true&hot=false&lazy=true&transform.routerRoot=app:901
[ 2808754ms] [ERROR] Failed to load resource: net::ERR_NAME_NOT_RESOLVED @ https://zqubwvhstobaugifzoyb.supabase.co/rest/v1/orders?select=id%2Ccreated_at%2Cstatus%2Ctotal_amount%2Ccustomer_name%2Cdecline_reason_preset%2Cdecline_reason_note&company_id=eq.00000000-0000-0000-0000-000000000001&status=in.%28pending%2Cpreparing%2Cready%2Ccancelled%29&order=created_at.desc&limit=12:0
[ 2808755ms] [ERROR] Failed to load resource: net::ERR_NAME_NOT_RESOLVED @ https://zqubwvhstobaugifzoyb.supabase.co/rest/v1/orders?select=*%2Corder_items%28*%2Cproduct%3Aproducts%28*%29%29&company_id=eq.00000000-0000-0000-0000-000000000001&order=created_at.asc&status=in.%28pending%2Cpreparing%2Cready%29:0
[ 2808755ms] [ERROR] Kitchen orders fetch error: {message: TypeError: Failed to fetch, details: TypeError: Failed to fetch
    at http://localhost…lse&lazy=true&transform.routerRoot=app:150369:13), hint: , code: } @ http://localhost:8081/node_modules/expo-router/entry.bundle?platform=web&dev=true&hot=false&lazy=true&transform.routerRoot=app:901
[ 2809131ms] [ERROR] Failed to load resource: net::ERR_NAME_NOT_RESOLVED @ https://zqubwvhstobaugifzoyb.supabase.co/rest/v1/orders?select=id%2Ctotal_amount&company_id=eq.00000000-0000-0000-0000-000000000001&created_at=gte.2026-09-01T22%3A00%3A00.000Z:0
[ 2809132ms] [ERROR] Failed to load resource: net::ERR_NAME_NOT_RESOLVED @ https://zqubwvhstobaugifzoyb.supabase.co/rest/v1/orders?select=id&company_id=eq.00000000-0000-0000-0000-000000000001&status=in.%28pending%2Cpreparing%29:0
[ 2809132ms] [ERROR] Failed to load resource: net::ERR_NAME_NOT_RESOLVED @ https://zqubwvhstobaugifzoyb.supabase.co/rest/v1/products?select=id&company_id=eq.00000000-0000-0000-0000-000000000001&active=eq.true:0
[ 2809132ms] [ERROR] Failed to load resource: net::ERR_NAME_NOT_RESOLVED @ https://zqubwvhstobaugifzoyb.supabase.co/rest/v1/orders?select=created_at%2Cstatus&company_id=eq.00000000-0000-0000-0000-000000000001&created_at=gte.2026-08-26T22%3A00%3A00.000Z:0
[ 2809132ms] [ERROR] Failed to load resource: net::ERR_NAME_NOT_RESOLVED @ https://zqubwvhstobaugifzoyb.supabase.co/rest/v1/orders?select=created_at%2Ctotal_amount%2Cstatus%2Corder_type&company_id=eq.00000000-0000-0000-0000-000000000001&created_at=gte.2026-07-29T22%3A00%3A00.000Z:0
[ 2810363ms] [ERROR] Failed to load resource: net::ERR_NAME_NOT_RESOLVED @ https://zqubwvhstobaugifzoyb.supabase.co/rest/v1/orders?select=created_at%2Cstatus&company_id=eq.00000000-0000-0000-0000-000000000001&created_at=gte.2026-08-26T22%3A00%3A00.000Z:0
[ 2810363ms] [ERROR] Failed to load resource: net::ERR_NAME_NOT_RESOLVED @ https://zqubwvhstobaugifzoyb.supabase.co/rest/v1/orders?select=id&company_id=eq.00000000-0000-0000-0000-000000000001&status=in.%28pending%2Cpreparing%29:0
[ 2810363ms] [ERROR] Failed to load resource: net::ERR_NAME_NOT_RESOLVED @ https://zqubwvhstobaugifzoyb.supabase.co/rest/v1/orders?select=id%2Ctotal_amount&company_id=eq.00000000-0000-0000-0000-000000000001&created_at=gte.2026-09-01T22%3A00%3A00.000Z:0
[ 2810363ms] [ERROR] Failed to load resource: net::ERR_NAME_NOT_RESOLVED @ https://zqubwvhstobaugifzoyb.supabase.co/rest/v1/products?select=id&company_id=eq.00000000-0000-0000-0000-000000000001&active=eq.true:0
[ 2810363ms] [ERROR] Failed to load resource: net::ERR_NAME_NOT_RESOLVED @ https://zqubwvhstobaugifzoyb.supabase.co/rest/v1/orders?select=created_at%2Ctotal_amount%2Cstatus%2Corder_type&company_id=eq.00000000-0000-0000-0000-000000000001&created_at=gte.2026-07-29T22%3A00%3A00.000Z:0
[ 2811347ms] [ERROR] Failed to load resource: net::ERR_NAME_NOT_RESOLVED @ https://zqubwvhstobaugifzoyb.supabase.co/rest/v1/orders?select=id%2Cdisplay_code%2Ccustomer_name%2Ccustomer_phone%2Ctotal_amount%2Corder_type%2Cdelivery_address%2Ctable_number%2Ccreated_at&company_id=eq.00000000-0000-0000-0000-000000000001&status=eq.pending&order=created_at.asc&limit=20:0
[ 2811348ms] [ERROR] [OrderNotification] pending fetch failed: {message: TypeError: Failed to fetch, details: TypeError: Failed to fetch
    at http://localhost…alse&lazy=true&transform.routerRoot=app:203393:26, hint: , code: } @ http://localhost:8081/node_modules/expo-router/entry.bundle?platform=web&dev=true&hot=false&lazy=true&transform.routerRoot=app:901
[ 2812490ms] [ERROR] Failed to load resource: net::ERR_NAME_NOT_RESOLVED @ https://zqubwvhstobaugifzoyb.supabase.co/rest/v1/orders?select=id%2Ctotal_amount&company_id=eq.00000000-0000-0000-0000-000000000001&created_at=gte.2026-09-01T22%3A00%3A00.000Z:0
[ 2812491ms] [ERROR] Failed to load resource: net::ERR_NAME_NOT_RESOLVED @ https://zqubwvhstobaugifzoyb.supabase.co/rest/v1/orders?select=id&company_id=eq.00000000-0000-0000-0000-000000000001&status=in.%28pending%2Cpreparing%29:0
[ 2812491ms] [ERROR] Failed to load resource: net::ERR_NAME_NOT_RESOLVED @ https://zqubwvhstobaugifzoyb.supabase.co/rest/v1/products?select=id&company_id=eq.00000000-0000-0000-0000-000000000001&active=eq.true:0
[ 2812491ms] [ERROR] Failed to load resource: net::ERR_NAME_NOT_RESOLVED @ https://zqubwvhstobaugifzoyb.supabase.co/rest/v1/orders?select=created_at%2Cstatus&company_id=eq.00000000-0000-0000-0000-000000000001&created_at=gte.2026-08-26T22%3A00%3A00.000Z:0
[ 2812491ms] [ERROR] Failed to load resource: net::ERR_NAME_NOT_RESOLVED @ https://zqubwvhstobaugifzoyb.supabase.co/rest/v1/orders?select=created_at%2Ctotal_amount%2Cstatus%2Corder_type&company_id=eq.00000000-0000-0000-0000-000000000001&created_at=gte.2026-07-29T22%3A00%3A00.000Z:0
[ 2816646ms] [ERROR] Failed to load resource: net::ERR_NAME_NOT_RESOLVED @ https://zqubwvhstobaugifzoyb.supabase.co/rest/v1/orders?select=id%2Ctotal_amount&company_id=eq.00000000-0000-0000-0000-000000000001&created_at=gte.2026-09-01T22%3A00%3A00.000Z:0
[ 2816646ms] [ERROR] Failed to load resource: net::ERR_NAME_NOT_RESOLVED @ https://zqubwvhstobaugifzoyb.supabase.co/rest/v1/orders?select=id&company_id=eq.00000000-0000-0000-0000-000000000001&status=in.%28pending%2Cpreparing%29:0
[ 2816646ms] [ERROR] Failed to load resource: net::ERR_NAME_NOT_RESOLVED @ https://zqubwvhstobaugifzoyb.supabase.co/rest/v1/products?select=id&company_id=eq.00000000-0000-0000-0000-000000000001&active=eq.true:0
[ 2816646ms] [ERROR] Failed to load resource: net::ERR_NAME_NOT_RESOLVED @ https://zqubwvhstobaugifzoyb.supabase.co/rest/v1/orders?select=created_at%2Cstatus&company_id=eq.00000000-0000-0000-0000-000000000001&created_at=gte.2026-08-26T22%3A00%3A00.000Z:0
[ 2816646ms] [ERROR] Failed to load resource: net::ERR_NAME_NOT_RESOLVED @ https://zqubwvhstobaugifzoyb.supabase.co/rest/v1/orders?select=created_at%2Ctotal_amount%2Cstatus%2Corder_type&company_id=eq.00000000-0000-0000-0000-000000000001&created_at=gte.2026-07-29T22%3A00%3A00.000Z:0
[ 2816983ms] [ERROR] WebSocket connection to 'wss://zqubwvhstobaugifzoyb.supabase.co/realtime/v1/websocket?apikey=eyJhbGciOiJIUzI1NiIsInR5cCI6IkpXVCJ9.eyJpc3MiOiJzdXBhYmFzZSIsInJlZiI6InpxdWJ3dmhzdG9iYXVnaWZ6b3liIiwicm9sZSI6ImFub24iLCJpYXQiOjE3Njg0MDg3OTksImV4cCI6MjA4Mzk4NDc5OX0.IWQDg4CNo8UHVMkFhXVkDG1O1IxoADpMX938kapr-SE&vsn=1.0.0' failed: Error in connection establishment: net::ERR_NAME_NOT_RESOLVED @ http://localhost:8081/node_modules/expo-router/entry.bundle?platform=web&dev=true&hot=false&lazy=true&transform.routerRoot=app:99787
[ 2817155ms] [ERROR] Failed to load resource: net::ERR_NAME_NOT_RESOLVED @ https://zqubwvhstobaugifzoyb.supabase.co/rest/v1/orders?select=id%2Cdisplay_code%2Ccustomer_name%2Ccustomer_phone%2Ctotal_amount%2Corder_type%2Cdelivery_address%2Ctable_number%2Ccreated_at&company_id=eq.00000000-0000-0000-0000-000000000001&status=eq.pending&order=created_at.asc&limit=20:0
[ 2817155ms] [ERROR] [OrderNotification] pending fetch failed: {message: TypeError: Failed to fetch, details: TypeError: Failed to fetch
    at http://localhost…alse&lazy=true&transform.routerRoot=app:203393:26, hint: , code: } @ http://localhost:8081/node_modules/expo-router/entry.bundle?platform=web&dev=true&hot=false&lazy=true&transform.routerRoot=app:901
[ 2817305ms] [ERROR] Failed to load resource: net::ERR_NAME_NOT_RESOLVED @ https://zqubwvhstobaugifzoyb.supabase.co/rest/v1/orders?select=id%2Cdisplay_code%2Ccustomer_name%2Ccustomer_phone%2Ctotal_amount%2Corder_type%2Cdelivery_address%2Ctable_number%2Ccreated_at&company_id=eq.00000000-0000-0000-0000-000000000001&status=eq.pending&order=created_at.asc&limit=20:0
[ 2817305ms] [ERROR] [OrderNotification] pending fetch failed: {message: TypeError: Failed to fetch, details: TypeError: Failed to fetch
    at http://localhost…alse&lazy=true&transform.routerRoot=app:203393:26, hint: , code: } @ http://localhost:8081/node_modules/expo-router/entry.bundle?platform=web&dev=true&hot=false&lazy=true&transform.routerRoot=app:901
[ 2818940ms] [ERROR] Failed to load resource: net::ERR_NAME_NOT_RESOLVED @ https://zqubwvhstobaugifzoyb.supabase.co/rest/v1/orders?select=id%2Ccreated_at%2Cstatus%2Ctotal_amount%2Ccustomer_name%2Cdecline_reason_preset%2Cdecline_reason_note&company_id=eq.00000000-0000-0000-0000-000000000001&status=in.%28pending%2Cpreparing%2Cready%2Ccancelled%29&order=created_at.desc&limit=12:0
[ 2818940ms] [ERROR] Failed to load resource: net::ERR_NAME_NOT_RESOLVED @ https://zqubwvhstobaugifzoyb.supabase.co/rest/v1/orders?select=*%2Corder_items%28*%2Cproduct%3Aproducts%28*%29%29&company_id=eq.00000000-0000-0000-0000-000000000001&order=created_at.asc&status=in.%28pending%2Cpreparing%2Cready%29:0
[ 2818940ms] [ERROR] Kitchen orders fetch error: {message: TypeError: Failed to fetch, details: TypeError: Failed to fetch
    at http://localhost…lse&lazy=true&transform.routerRoot=app:150369:13), hint: , code: } @ http://localhost:8081/node_modules/expo-router/entry.bundle?platform=web&dev=true&hot=false&lazy=true&transform.routerRoot=app:901
[ 2820213ms] [ERROR] Failed to load resource: net::ERR_NAME_NOT_RESOLVED @ https://zqubwvhstobaugifzoyb.supabase.co/rest/v1/orders?select=id%2Ccreated_at%2Cstatus%2Ctotal_amount%2Ccustomer_name%2Cdecline_reason_preset%2Cdecline_reason_note&company_id=eq.00000000-0000-0000-0000-000000000001&status=in.%28pending%2Cpreparing%2Cready%2Ccancelled%29&order=created_at.desc&limit=12:0
[ 2820214ms] [ERROR] Failed to load resource: net::ERR_NAME_NOT_RESOLVED @ https://zqubwvhstobaugifzoyb.supabase.co/rest/v1/orders?select=*%2Corder_items%28*%2Cproduct%3Aproducts%28*%29%29&company_id=eq.00000000-0000-0000-0000-000000000001&order=created_at.asc&status=in.%28pending%2Cpreparing%2Cready%29:0
[ 2820214ms] [ERROR] Kitchen orders fetch error: {message: TypeError: Failed to fetch, details: TypeError: Failed to fetch
    at http://localhost…lse&lazy=true&transform.routerRoot=app:150369:13), hint: , code: } @ http://localhost:8081/node_modules/expo-router/entry.bundle?platform=web&dev=true&hot=false&lazy=true&transform.routerRoot=app:901
[ 2821371ms] [ERROR] Failed to load resource: net::ERR_NAME_NOT_RESOLVED @ https://zqubwvhstobaugifzoyb.supabase.co/rest/v1/orders?select=id%2Cdisplay_code%2Ccustomer_name%2Ccustomer_phone%2Ctotal_amount%2Corder_type%2Cdelivery_address%2Ctable_number%2Ccreated_at&company_id=eq.00000000-0000-0000-0000-000000000001&status=eq.pending&order=created_at.asc&limit=20:0
[ 2821371ms] [ERROR] [OrderNotification] pending fetch failed: {message: TypeError: Failed to fetch, details: TypeError: Failed to fetch
    at http://localhost…alse&lazy=true&transform.routerRoot=app:203393:26, hint: , code: } @ http://localhost:8081/node_modules/expo-router/entry.bundle?platform=web&dev=true&hot=false&lazy=true&transform.routerRoot=app:901
[ 2822440ms] [ERROR] Failed to load resource: net::ERR_NAME_NOT_RESOLVED @ https://zqubwvhstobaugifzoyb.supabase.co/rest/v1/orders?select=id%2Ccreated_at%2Cstatus%2Ctotal_amount%2Ccustomer_name%2Cdecline_reason_preset%2Cdecline_reason_note&company_id=eq.00000000-0000-0000-0000-000000000001&status=in.%28pending%2Cpreparing%2Cready%2Ccancelled%29&order=created_at.desc&limit=12:0
[ 2822440ms] [ERROR] Failed to load resource: net::ERR_NAME_NOT_RESOLVED @ https://zqubwvhstobaugifzoyb.supabase.co/rest/v1/orders?select=*%2Corder_items%28*%2Cproduct%3Aproducts%28*%29%29&company_id=eq.00000000-0000-0000-0000-000000000001&order=created_at.asc&status=in.%28pending%2Cpreparing%2Cready%29:0
[ 2822440ms] [ERROR] Kitchen orders fetch error: {message: TypeError: Failed to fetch, details: TypeError: Failed to fetch
    at http://localhost…lse&lazy=true&transform.routerRoot=app:150369:13), hint: , code: } @ http://localhost:8081/node_modules/expo-router/entry.bundle?platform=web&dev=true&hot=false&lazy=true&transform.routerRoot=app:901
[ 2831716ms] [ERROR] WebSocket connection to 'wss://zqubwvhstobaugifzoyb.supabase.co/realtime/v1/websocket?apikey=eyJhbGciOiJIUzI1NiIsInR5cCI6IkpXVCJ9.eyJpc3MiOiJzdXBhYmFzZSIsInJlZiI6InpxdWJ3dmhzdG9iYXVnaWZ6b3liIiwicm9sZSI6ImFub24iLCJpYXQiOjE3Njg0MDg3OTksImV4cCI6MjA4Mzk4NDc5OX0.IWQDg4CNo8UHVMkFhXVkDG1O1IxoADpMX938kapr-SE&vsn=1.0.0' failed: Error in connection establishment: net::ERR_NAME_NOT_RESOLVED @ http://localhost:8081/node_modules/expo-router/entry.bundle?platform=web&dev=true&hot=false&lazy=true&transform.routerRoot=app:99787
[ 2831803ms] [ERROR] Failed to load resource: net::ERR_NAME_NOT_RESOLVED @ https://zqubwvhstobaugifzoyb.supabase.co/rest/v1/orders?select=id%2Ctotal_amount&company_id=eq.00000000-0000-0000-0000-000000000001&created_at=gte.2026-09-01T22%3A00%3A00.000Z:0
[ 2831804ms] [ERROR] Failed to load resource: net::ERR_NAME_NOT_RESOLVED @ https://zqubwvhstobaugifzoyb.supabase.co/rest/v1/orders?select=id&company_id=eq.00000000-0000-0000-0000-000000000001&status=in.%28pending%2Cpreparing%29:0
[ 2831804ms] [ERROR] Failed to load resource: net::ERR_NAME_NOT_RESOLVED @ https://zqubwvhstobaugifzoyb.supabase.co/rest/v1/orders?select=id%2Ccreated_at%2Cstatus%2Ctotal_amount%2Ccustomer_name%2Cdecline_reason_preset%2Cdecline_reason_note&company_id=eq.00000000-0000-0000-0000-000000000001&status=in.%28pending%2Cpreparing%2Cready%2Ccancelled%29&order=created_at.desc&limit=12:0
[ 2831804ms] [ERROR] Failed to load resource: net::ERR_NAME_NOT_RESOLVED @ https://zqubwvhstobaugifzoyb.supabase.co/rest/v1/products?select=id&company_id=eq.00000000-0000-0000-0000-000000000001&active=eq.true:0
[ 2831804ms] [ERROR] Failed to load resource: net::ERR_NAME_NOT_RESOLVED @ https://zqubwvhstobaugifzoyb.supabase.co/rest/v1/orders?select=created_at%2Cstatus&company_id=eq.00000000-0000-0000-0000-000000000001&created_at=gte.2026-08-26T22%3A00%3A00.000Z:0
[ 2831804ms] [ERROR] Failed to load resource: net::ERR_NAME_NOT_RESOLVED @ https://zqubwvhstobaugifzoyb.supabase.co/rest/v1/orders?select=*%2Corder_items%28*%2Cproduct%3Aproducts%28*%29%29&company_id=eq.00000000-0000-0000-0000-000000000001&order=created_at.asc&status=in.%28pending%2Cpreparing%2Cready%29:0
[ 2831804ms] [ERROR] Kitchen orders fetch error: {message: TypeError: Failed to fetch, details: TypeError: Failed to fetch
    at http://localhost…lse&lazy=true&transform.routerRoot=app:150369:13), hint: , code: } @ http://localhost:8081/node_modules/expo-router/entry.bundle?platform=web&dev=true&hot=false&lazy=true&transform.routerRoot=app:901
[ 2831869ms] [ERROR] Failed to load resource: net::ERR_NAME_NOT_RESOLVED @ https://zqubwvhstobaugifzoyb.supabase.co/rest/v1/orders?select=created_at%2Ctotal_amount%2Cstatus%2Corder_type&company_id=eq.00000000-0000-0000-0000-000000000001&created_at=gte.2026-07-29T22%3A00%3A00.000Z:0
[ 2831869ms] [ERROR] Failed to load resource: net::ERR_NAME_NOT_RESOLVED @ https://zqubwvhstobaugifzoyb.supabase.co/rest/v1/orders?select=id%2Cdisplay_code%2Ccustomer_name%2Ccustomer_phone%2Ctotal_amount%2Corder_type%2Cdelivery_address%2Ctable_number%2Ccreated_at&company_id=eq.00000000-0000-0000-0000-000000000001&status=eq.pending&order=created_at.asc&limit=20:0
[ 2831869ms] [ERROR] [OrderNotification] pending fetch failed: {message: TypeError: Failed to fetch, details: TypeError: Failed to fetch
    at http://localhost…alse&lazy=true&transform.routerRoot=app:203393:26, hint: , code: } @ http://localhost:8081/node_modules/expo-router/entry.bundle?platform=web&dev=true&hot=false&lazy=true&transform.routerRoot=app:901
[ 2832079ms] [ERROR] Failed to load resource: net::ERR_NAME_NOT_RESOLVED @ https://zqubwvhstobaugifzoyb.supabase.co/rest/v1/orders?select=id%2Cdisplay_code%2Ccustomer_name%2Ccustomer_phone%2Ctotal_amount%2Corder_type%2Cdelivery_address%2Ctable_number%2Ccreated_at&company_id=eq.00000000-0000-0000-0000-000000000001&status=eq.pending&order=created_at.asc&limit=20:0
[ 2832079ms] [ERROR] [OrderNotification] pending fetch failed: {message: TypeError: Failed to fetch, details: TypeError: Failed to fetch
    at http://localhost…alse&lazy=true&transform.routerRoot=app:203393:26, hint: , code: } @ http://localhost:8081/node_modules/expo-router/entry.bundle?platform=web&dev=true&hot=false&lazy=true&transform.routerRoot=app:901
[ 2832256ms] [ERROR] Failed to load resource: net::ERR_NAME_NOT_RESOLVED @ https://zqubwvhstobaugifzoyb.supabase.co/rest/v1/orders?select=id%2Cdisplay_code%2Ccustomer_name%2Ccustomer_phone%2Ctotal_amount%2Corder_type%2Cdelivery_address%2Ctable_number%2Ccreated_at&company_id=eq.00000000-0000-0000-0000-000000000001&status=eq.pending&order=created_at.asc&limit=20:0
[ 2832256ms] [ERROR] [OrderNotification] pending fetch failed: {message: TypeError: Failed to fetch, details: TypeError: Failed to fetch
    at http://localhost…alse&lazy=true&transform.routerRoot=app:203393:26, hint: , code: } @ http://localhost:8081/node_modules/expo-router/entry.bundle?platform=web&dev=true&hot=false&lazy=true&transform.routerRoot=app:901
[ 2833077ms] [ERROR] Failed to load resource: net::ERR_NAME_NOT_RESOLVED @ https://zqubwvhstobaugifzoyb.supabase.co/rest/v1/products?select=id&company_id=eq.00000000-0000-0000-0000-000000000001&active=eq.true:0
[ 2833077ms] [ERROR] Failed to load resource: net::ERR_NAME_NOT_RESOLVED @ https://zqubwvhstobaugifzoyb.supabase.co/rest/v1/orders?select=created_at%2Cstatus&company_id=eq.00000000-0000-0000-0000-000000000001&created_at=gte.2026-08-26T22%3A00%3A00.000Z:0
[ 2833077ms] [ERROR] Failed to load resource: net::ERR_NAME_NOT_RESOLVED @ https://zqubwvhstobaugifzoyb.supabase.co/rest/v1/orders?select=id&company_id=eq.00000000-0000-0000-0000-000000000001&status=in.%28pending%2Cpreparing%29:0
[ 2833078ms] [ERROR] Failed to load resource: net::ERR_NAME_NOT_RESOLVED @ https://zqubwvhstobaugifzoyb.supabase.co/rest/v1/orders?select=id%2Ctotal_amount&company_id=eq.00000000-0000-0000-0000-000000000001&created_at=gte.2026-09-01T22%3A00%3A00.000Z:0
[ 2833078ms] [ERROR] Failed to load resource: net::ERR_NAME_NOT_RESOLVED @ https://zqubwvhstobaugifzoyb.supabase.co/rest/v1/orders?select=created_at%2Ctotal_amount%2Cstatus%2Corder_type&company_id=eq.00000000-0000-0000-0000-000000000001&created_at=gte.2026-07-29T22%3A00%3A00.000Z:0
[ 2835487ms] [ERROR] Failed to load resource: net::ERR_NAME_NOT_RESOLVED @ https://zqubwvhstobaugifzoyb.supabase.co/rest/v1/orders?select=id%2Ctotal_amount&company_id=eq.00000000-0000-0000-0000-000000000001&created_at=gte.2026-09-01T22%3A00%3A00.000Z:0
[ 2835488ms] [ERROR] Failed to load resource: net::ERR_NAME_NOT_RESOLVED @ https://zqubwvhstobaugifzoyb.supabase.co/rest/v1/orders?select=id&company_id=eq.00000000-0000-0000-0000-000000000001&status=in.%28pending%2Cpreparing%29:0
[ 2835488ms] [ERROR] Failed to load resource: net::ERR_NAME_NOT_RESOLVED @ https://zqubwvhstobaugifzoyb.supabase.co/rest/v1/products?select=id&company_id=eq.00000000-0000-0000-0000-000000000001&active=eq.true:0
[ 2835488ms] [ERROR] Failed to load resource: net::ERR_NAME_NOT_RESOLVED @ https://zqubwvhstobaugifzoyb.supabase.co/rest/v1/orders?select=created_at%2Cstatus&company_id=eq.00000000-0000-0000-0000-000000000001&created_at=gte.2026-08-26T22%3A00%3A00.000Z:0
[ 2835488ms] [ERROR] Failed to load resource: net::ERR_NAME_NOT_RESOLVED @ https://zqubwvhstobaugifzoyb.supabase.co/rest/v1/orders?select=created_at%2Ctotal_amount%2Cstatus%2Corder_type&company_id=eq.00000000-0000-0000-0000-000000000001&created_at=gte.2026-07-29T22%3A00%3A00.000Z:0
[ 2836416ms] [ERROR] Failed to load resource: net::ERR_NAME_NOT_RESOLVED @ https://zqubwvhstobaugifzoyb.supabase.co/rest/v1/orders?select=*%2Corder_items%28*%2Cproduct%3Aproducts%28*%29%29&company_id=eq.00000000-0000-0000-0000-000000000001&order=created_at.desc&limit=100:0
[ 2836417ms] [ERROR] Admin orders fetch error: {message: TypeError: Failed to fetch, details: TypeError: Failed to fetch
    at http://localhost…lse&lazy=true&transform.routerRoot=app:202542:13), hint: , code: } @ http://localhost:8081/node_modules/expo-router/entry.bundle?platform=web&dev=true&hot=false&lazy=true&transform.routerRoot=app:901
[ 2837583ms] [ERROR] Failed to load resource: net::ERR_NAME_NOT_RESOLVED @ https://zqubwvhstobaugifzoyb.supabase.co/rest/v1/orders?select=*%2Corder_items%28*%2Cproduct%3Aproducts%28*%29%29&company_id=eq.00000000-0000-0000-0000-000000000001&order=created_at.desc&limit=100:0
[ 2837583ms] [ERROR] Admin orders fetch error: {message: TypeError: Failed to fetch, details: TypeError: Failed to fetch
    at http://localhost…lse&lazy=true&transform.routerRoot=app:202542:13), hint: , code: } @ http://localhost:8081/node_modules/expo-router/entry.bundle?platform=web&dev=true&hot=false&lazy=true&transform.routerRoot=app:901
[ 2839630ms] [ERROR] Failed to load resource: net::ERR_NAME_NOT_RESOLVED @ https://zqubwvhstobaugifzoyb.supabase.co/rest/v1/orders?select=id%2Ctotal_amount&company_id=eq.00000000-0000-0000-0000-000000000001&created_at=gte.2026-09-01T22%3A00%3A00.000Z:0
[ 2839630ms] [ERROR] Failed to load resource: net::ERR_NAME_NOT_RESOLVED @ https://zqubwvhstobaugifzoyb.supabase.co/rest/v1/orders?select=id&company_id=eq.00000000-0000-0000-0000-000000000001&status=in.%28pending%2Cpreparing%29:0
[ 2839631ms] [ERROR] Failed to load resource: net::ERR_NAME_NOT_RESOLVED @ https://zqubwvhstobaugifzoyb.supabase.co/rest/v1/products?select=id&company_id=eq.00000000-0000-0000-0000-000000000001&active=eq.true:0
[ 2839631ms] [ERROR] Failed to load resource: net::ERR_NAME_NOT_RESOLVED @ https://zqubwvhstobaugifzoyb.supabase.co/rest/v1/orders?select=created_at%2Cstatus&company_id=eq.00000000-0000-0000-0000-000000000001&created_at=gte.2026-08-26T22%3A00%3A00.000Z:0
[ 2839631ms] [ERROR] Failed to load resource: net::ERR_NAME_NOT_RESOLVED @ https://zqubwvhstobaugifzoyb.supabase.co/rest/v1/orders?select=created_at%2Ctotal_amount%2Cstatus%2Corder_type&company_id=eq.00000000-0000-0000-0000-000000000001&created_at=gte.2026-07-29T22%3A00%3A00.000Z:0
[ 2839705ms] [ERROR] Failed to load resource: net::ERR_NAME_NOT_RESOLVED @ https://zqubwvhstobaugifzoyb.supabase.co/rest/v1/orders?select=*%2Corder_items%28*%2Cproduct%3Aproducts%28*%29%29&company_id=eq.00000000-0000-0000-0000-000000000001&order=created_at.desc&limit=100:0
[ 2839705ms] [ERROR] Admin orders fetch error: {message: TypeError: Failed to fetch, details: TypeError: Failed to fetch
    at http://localhost…lse&lazy=true&transform.routerRoot=app:202542:13), hint: , code: } @ http://localhost:8081/node_modules/expo-router/entry.bundle?platform=web&dev=true&hot=false&lazy=true&transform.routerRoot=app:901
[ 2841330ms] [ERROR] Failed to load resource: net::ERR_NAME_NOT_RESOLVED @ https://zqubwvhstobaugifzoyb.supabase.co/rest/v1/orders?select=id%2Cdisplay_code%2Ccustomer_name%2Ccustomer_phone%2Ctotal_amount%2Corder_type%2Cdelivery_address%2Ctable_number%2Ccreated_at&company_id=eq.00000000-0000-0000-0000-000000000001&status=eq.pending&order=created_at.asc&limit=20:0
[ 2841330ms] [ERROR] [OrderNotification] pending fetch failed: {message: TypeError: Failed to fetch, details: TypeError: Failed to fetch
    at http://localhost…alse&lazy=true&transform.routerRoot=app:203393:26, hint: , code: } @ http://localhost:8081/node_modules/expo-router/entry.bundle?platform=web&dev=true&hot=false&lazy=true&transform.routerRoot=app:901
[ 2842070ms] [ERROR] WebSocket connection to 'wss://zqubwvhstobaugifzoyb.supabase.co/realtime/v1/websocket?apikey=eyJhbGciOiJIUzI1NiIsInR5cCI6IkpXVCJ9.eyJpc3MiOiJzdXBhYmFzZSIsInJlZiI6InpxdWJ3dmhzdG9iYXVnaWZ6b3liIiwicm9sZSI6ImFub24iLCJpYXQiOjE3Njg0MDg3OTksImV4cCI6MjA4Mzk4NDc5OX0.IWQDg4CNo8UHVMkFhXVkDG1O1IxoADpMX938kapr-SE&vsn=1.0.0' failed: Error in connection establishment: net::ERR_NAME_NOT_RESOLVED @ http://localhost:8081/node_modules/expo-router/entry.bundle?platform=web&dev=true&hot=false&lazy=true&transform.routerRoot=app:99787
[ 2842134ms] [ERROR] Failed to load resource: net::ERR_NAME_NOT_RESOLVED @ https://zqubwvhstobaugifzoyb.supabase.co/rest/v1/orders?select=id%2Ccreated_at%2Cstatus%2Ctotal_amount%2Ccustomer_name%2Cdecline_reason_preset%2Cdecline_reason_note&company_id=eq.00000000-0000-0000-0000-000000000001&status=in.%28pending%2Cpreparing%2Cready%2Ccancelled%29&order=created_at.desc&limit=12:0
[ 2842135ms] [ERROR] Failed to load resource: net::ERR_NAME_NOT_RESOLVED @ https://zqubwvhstobaugifzoyb.supabase.co/rest/v1/orders?select=*%2Corder_items%28*%2Cproduct%3Aproducts%28*%29%29&company_id=eq.00000000-0000-0000-0000-000000000001&order=created_at.asc&status=in.%28pending%2Cpreparing%2Cready%29:0
[ 2842135ms] [ERROR] Kitchen orders fetch error: {message: TypeError: Failed to fetch, details: TypeError: Failed to fetch
    at http://localhost…lse&lazy=true&transform.routerRoot=app:150369:13), hint: , code: } @ http://localhost:8081/node_modules/expo-router/entry.bundle?platform=web&dev=true&hot=false&lazy=true&transform.routerRoot=app:901
[ 2842207ms] [ERROR] Failed to load resource: net::ERR_NAME_NOT_RESOLVED @ https://zqubwvhstobaugifzoyb.supabase.co/rest/v1/orders?select=id%2Cdisplay_code%2Ccustomer_name%2Ccustomer_phone%2Ctotal_amount%2Corder_type%2Cdelivery_address%2Ctable_number%2Ccreated_at&company_id=eq.00000000-0000-0000-0000-000000000001&status=eq.pending&order=created_at.asc&limit=20:0
[ 2842207ms] [ERROR] [OrderNotification] pending fetch failed: {message: TypeError: Failed to fetch, details: TypeError: Failed to fetch
    at http://localhost…alse&lazy=true&transform.routerRoot=app:203393:26, hint: , code: } @ http://localhost:8081/node_modules/expo-router/entry.bundle?platform=web&dev=true&hot=false&lazy=true&transform.routerRoot=app:901
[ 2842370ms] [ERROR] Failed to load resource: net::ERR_NAME_NOT_RESOLVED @ https://zqubwvhstobaugifzoyb.supabase.co/rest/v1/orders?select=id%2Cdisplay_code%2Ccustomer_name%2Ccustomer_phone%2Ctotal_amount%2Corder_type%2Cdelivery_address%2Ctable_number%2Ccreated_at&company_id=eq.00000000-0000-0000-0000-000000000001&status=eq.pending&order=created_at.asc&limit=20:0
[ 2842370ms] [ERROR] [OrderNotification] pending fetch failed: {message: TypeError: Failed to fetch, details: TypeError: Failed to fetch
    at http://localhost…alse&lazy=true&transform.routerRoot=app:203393:26, hint: , code: } @ http://localhost:8081/node_modules/expo-router/entry.bundle?platform=web&dev=true&hot=false&lazy=true&transform.routerRoot=app:901
[ 2843590ms] [ERROR] Failed to load resource: net::ERR_NAME_NOT_RESOLVED @ https://zqubwvhstobaugifzoyb.supabase.co/rest/v1/orders?select=id%2Ccreated_at%2Cstatus%2Ctotal_amount%2Ccustomer_name%2Cdecline_reason_preset%2Cdecline_reason_note&company_id=eq.00000000-0000-0000-0000-000000000001&status=in.%28pending%2Cpreparing%2Cready%2Ccancelled%29&order=created_at.desc&limit=12:0
[ 2843591ms] [ERROR] Failed to load resource: net::ERR_NAME_NOT_RESOLVED @ https://zqubwvhstobaugifzoyb.supabase.co/rest/v1/orders?select=*%2Corder_items%28*%2Cproduct%3Aproducts%28*%29%29&company_id=eq.00000000-0000-0000-0000-000000000001&order=created_at.asc&status=in.%28pending%2Cpreparing%2Cready%29:0
[ 2843591ms] [ERROR] Kitchen orders fetch error: {message: TypeError: Failed to fetch, details: TypeError: Failed to fetch
    at http://localhost…lse&lazy=true&transform.routerRoot=app:150369:13), hint: , code: } @ http://localhost:8081/node_modules/expo-router/entry.bundle?platform=web&dev=true&hot=false&lazy=true&transform.routerRoot=app:901
[ 2843836ms] [ERROR] Failed to load resource: net::ERR_NAME_NOT_RESOLVED @ https://zqubwvhstobaugifzoyb.supabase.co/rest/v1/orders?select=*%2Corder_items%28*%2Cproduct%3Aproducts%28*%29%29&company_id=eq.00000000-0000-0000-0000-000000000001&order=created_at.desc&limit=100:0
[ 2843836ms] [ERROR] Admin orders fetch error: {message: TypeError: Failed to fetch, details: TypeError: Failed to fetch
    at http://localhost…lse&lazy=true&transform.routerRoot=app:202542:13), hint: , code: } @ http://localhost:8081/node_modules/expo-router/entry.bundle?platform=web&dev=true&hot=false&lazy=true&transform.routerRoot=app:901
